============================================================
Zeno #503 Central Asia recursive metadata discovery
Base commit: b97bc5d97901d629478e9319f13e3ce3599589c7
Started: 2026-09-16T17:27:46+00:00
Folder: /Users/gugu/Desktop/zeno-503-central-asia-mac-discovery-b97bc5d
Mode: recursive category tree + detail HTML; NO new image downloads
Forced branch audit: #2141 Semirechye and #795 Turgesh
Resume: cached successful HTML/manifests are reused; --refresh is NOT used
============================================================
CATEGORY 503: direct observed 7; subtree observed 3891; direct source=7; subtree source=None; baseline=None
CATEGORIES 393 PAGINATION failed_repeated_page_content
378166 #378166 - Abashin.org - History and Anthropology of Central Asia None
373812 #373812 - Central Asia, N.Tokharistan - kindly help to ID None
386644 #386644 - Central Asia, Soghd, AE, Bukhara? None
386646 #386646 - Central Asia, Soghd, AE, Bukhara? None
218125 #218125 - imitation Drachm Demetrios I None
218126 #218126 - imitation Drachm Demetrios I None
378373 #378373 - The Society for the Exploration of EurAsia None
55456 #55456 - AE , Khwarizm None
353074 #353074 - Untitled None
353075 #353075 - Untitled None
353076 #353076 - Untitled None
367756 #367756 - Khwarazm AR obol, Eukratides-style with tamgha on rev. None
70241 #70241 - Khwarazm AR tetradrachm, Eukratides-im. None
35225 #35225 - Khwarazm, AR tetradrachm, Eukratides-imitation, unknown ruler. None
368417 #368417 - Khwarizm AR tetradrachm, Vainberg AII None
327058 #327058 - Khwarazm AR tetradrachm, Unnamed King A. None
368614 #368614 - Khwarezm, AR tetradrachm, unknown ruler (Vainberg AIII), ca 1st century AD None
368418 #368418 - Khwarizm AR tetradrachm, Vainberg AIII None
368635 #368635 - Khwarazm AR tetradrachm, Nameless king B, Vainberg AIII. None
304841 #304841 - Khwarazm AR tetradrachm, unknown king. None
348408 #348408 - Khwarazm AR tetradrachm, Unknown king. None
161267 #161267 - Khwarazm, AR tetradrachm, uncertain king. None
172575 #172575 - Khwarazm, AR tetradrachm, Unknown king. None
16558 #16558 - Khwarezm, AR tetradrachm, unknown ruler (Vainberg AIII), ca 1st century AD None
24146 #24146 - Khwarezm, AR tetradrachm, unknown ruler (Vainberg AIII), ca 1st century AD None
141162 #141162 - Khwarezm, AR tetradrachm, unknown ruler (Vainberg AIII), ca 1st century AD None
368284 #368284 - Khwarezm, AR tetradrachm, unknown ruler (Vainberg AIII), ca 1st century AD None
20958 #20958 - Khwarezm, Ar, unknown ruler None
73232 #73232 - Kwarizm AR tetradrachmon, Artav, c. 50-100 AD None
20866 #20866 - Modern Fake, Khwarezm, AR, unknown ruler None
327060 #327060 - Vainberg AIII, Khwarazm AR tetradrachm, Unnamed King B. None
46087 #46087 - Khwaresmian AR coin, unidentified. None
17782 #17782 - Khwarezm AE, unknown ruler with camel's crown. None
8175 #8175 - Khwarezm, AE onesided, unknown ruler. None
116410 #116410 - Khwarezm. AE, unknown ruler, unlisted tamgha or letter "t". None
123687 #123687 - Khwarizm. VI c. AD None
63252 #63252 - Kwaresm AE coin, horseman turned to left. None
368676 #368676 - Vainberg Б1 I None
380673 #380673 - Vainberg Б1 I, Khwarazm AR tetradrachm, Atram MLK'. None
174586 #174586 - Vainderg Б2/13 None
21363 #21363 - Ancient Khwarazm, AE, unknown ruler(s). None
370214 #370214 - Central Asia, Khwarizm, unknown king. Vainberg, type БВ3 None
372514 #372514 - Central Asia, Khwarizm, unknown king. Vainberg БB2 None
370210 #370210 - Central Asia, Khwarizm, unknown king. Vainberg, type БB2 None
370211 #370211 - Central Asia, Khwarizm, unknown king. Vainberg, type БB2 None
322700 #322700 - Khwarazm AE, unknown ruler. None
125567 #125567 - Khwarazm, AE, Artav. None
109627 #109627 - Khwarazm, AE, onesided. None
322786 #322786 - Khwarezm, AE, Unknown Ruler None
109163 #109163 - Khwarezm, early AE. unknown ruler. None
21210 #21210 - Khwarizm, AE, unknown king. None
232109 #232109 - Vainberg БB3. Khwarazm AE, unknown king. None
214729 #214729 - Ancient Khwarizm. AE coin,Unknown king/Artav. None
370212 #370212 - Central Asia, Khwarizm, Artav, Vainberg, type Б(2)-20 None
329792 #329792 - Central Asia, Khwarizm, AE unit, Artav, type Б(2)-20 None
370213 #370213 - Central Asia, Khwarizm, Artav, Vainberg, type Б(2)-20 None
342453 #342453 - Khwarazm AE, Artav. None
133241 #133241 - V.B.I. 1977, type B1-II None
85918 #85918 - "S" countermark both sides of Kushan large bronze None
190280 #190280 - "S" countermark both sides of Kushan large bronze None
85992 #85992 - AR (reduced) tetradrachms, Artramush, "S"-tamgha. None
370215 #370215 - Central Asia, Khwarizm, S-tamgha of king Artramush countermarked on Kushan. None
335530 #335530 - Khwarazm AR tetradrachm, Artramush. None
387976 #387976 - Khwarazm countermarks on Kushan AE. None
128151 #128151 - Khwarazm, Kushan AE with countermark "S". None
284834 #284834 - Khwarazm, S-tamgha of king Artramush countermarked on Kushan AE. None
148638 #148638 - Khwarizm. Artramush king. None
148716 #148716 - Khwarizm. Artramush king. None
146553 #146553 - Kushan AE with Khwarizm countermark "S". None
341894 #341894 - Vainberg Б1 IV, Khwarazm AR tetradrachm, Ärtramūš I / Artramush. None
372727 #372727 - Vainberg Б1 IV, Khwarazm AR tetradrachm, Artramush MLK'. None
114908 #114908 - Ancient Khwarezm, AE, Vasamar. None
370251 #370251 - Central Asia, Khwarizm, king Vazamar. Vainberg, type Б(2)V/3 None
370264 #370264 - Central Asia, Khwarizm, king Vazamar. Vainberg, type Б(2)V/1 None
370265 #370265 - Central Asia, Khwarizm, king Vazamar. Vainberg, type Б(2)V/1 None
370267 #370267 - Central Asia, Khwarizm, king Vazamar. Vainberg, type Б(2)V/1 None
370268 #370268 - Central Asia, Khwarizm, king Vazamar. Vainberg, type Б(2)V/1 None
370269 #370269 - Central Asia, Khwarizm, king Vazamar. Vainberg, type Б(2)V/1 None
370323 #370323 - Central Asia, Khwarizm, king Vazamar.. Vainberg, type Б(2)V/2 None
370324 #370324 - Central Asia, Khwarizm, king Vazamar.. Vainberg, type Б(2)V/2 None
370325 #370325 - Central Asia, Khwarizm, king Vazamar.. Vainberg, type Б(2)V/2 None
370318 #370318 - Central Asia, Khwarizm, king Vazamar.. Vainberg, type Б(2)V/2, minted by type Б(2)13 (king Rast) None
370319 #370319 - Central Asia, Khwarizm, king Vazamar.. Vainberg, type Б(2)V/2, minted by type Б(2)13 (king Rast) None
370320 #370320 - Central Asia, Khwarizm, king Vazamar.. Vainberg, type Б(2)V/2, minted by type Б(2)13 (king Rast) None
370321 #370321 - Central Asia, Khwarizm, king Vazamar.. Vainberg, type Б(2)V/2, minted by type Б(2)13 (king Rast) None
370247 #370247 - Central Asia, Khwarizm, king Vazamar.. Vainberg, type Б(2)V/4, minted by type БВ2 (Vainberg) None
370250 #370250 - Central Asia, Khwarizm, unknown king. Vainberg, type Б(2)V/3 None
370248 #370248 - Central Asia, Khwarizm, unknown king. Vainberg, type Б(2)V/3, minted by type Б(2)5/4 None
301026 #301026 - Khwarazm AE, Vasamer, with camel's crown. None
335531 #335531 - Khwarazm AR tetradrachm, Vazamar. None
354075 #354075 - Khwarazm AR tetradrachm, Wazamar. None
387587 #387587 - Khwarazm, AE, King Vazamar None
20855 #20855 - Khwarazm, AE, king Vazamar. None
20856 #20856 - Khwarazm, AE, king Vazamar. None
163354 #163354 - Khwarazm, AE, King Vazamar. None
110006 #110006 - Khwarazm, AE, Vasamar. None
144648 #144648 - Khwarazm, AE, Vasamar. None
161268 #161268 - Khwarazm, AR tetradrachm, Vasamar. None
20857 #20857 - Khwarazm. AE, king Vazamar. None
148682 #148682 - Khwarazm. AE, king Vazamar. None
32466 #32466 - Khwarezm, AE coin, king Vazamar. None
20854 #20854 - Khwarezm, AE, king Vazamar. None
125352 #125352 - Khwarezm, AE, Vasamar. None
284375 #284375 - Khwarezm, AE, Vazamar. None
108820 #108820 - Khwarezm, AE, Vazamer. None
109745 #109745 - Khwarizm AE, King Vasamar. None
117134 #117134 - Khwarizm AE, King Vasamar. None
261697 #261697 - Khwarazm AR reduced tetradrachm, Bivarsar None
354078 #354078 - Khwarazm AR reduced tetradrachm, King Bivarsar. None
355999 #355999 - Khwarazm AR reduced tetradrachm, King Bivarsar. None
86238 #86238 - Khwarezm, AE, king Bivarsar (I) None
214733 #214733 - Khwarizm AE, Bivarsar (I). None
215471 #215471 - Khwarizm, AE, King Bivarsar (I). None
215469 #215469 - Ancient Khwarizm, AE, King Bivarsar (II) None
115944 #115944 - AR coin, Bivarsar, ca 300 - 350 AD None
166589 #166589 - AR tetradrachm, Bivarsar (II). None
105031 #105031 - Khwarazm AR Tdrachm, Bivarsar (II). None
340853 #340853 - Khwarazm AR tetradrachm, King Bivarsar. None
340854 #340854 - Khwarazm AR tetradrachm, King Bivarsar. None
21083 #21083 - Khwarezm AR tetradrachm, Bivarsar (II) None
111536 #111536 - Khwarezm, AE, Bivarsar (II). None
105013 #105013 - Khwarizm AR tetradrachm, Bivarsar (II) None
125628 #125628 - Tetradrachm. Bivarsar (II). None
114905 #114905 - Ancient Khwarezm, AE, unknown ruler. None
371402 #371402 - Central Asia, Khwarizm, unknown king. Vainberg, type Б2 10 None
371403 #371403 - Central Asia, Khwarizm, unknown king. Vainberg, type Б2 10 None
371404 #371404 - Central Asia, Khwarizm, unknown king. Vainberg, type Б2 10 None
371401 #371401 - Central Asia, Khwarizm, unknown king. Vainberg, type Б2 11 None
39633 #39633 - Khwarezm AE coin, ruler's head with camel's crown. None
110965 #110965 - Khwarezm AE, unknown ruler None
7543 #7543 - Khwarezm, AE, unknown ruler with camels crown. None
116388 #116388 - Khwarezm, AE, unknown ruler, unlisted tamgha. None
148686 #148686 - Khwarezm, AE, unknown ruler. None
148687 #148687 - Khwarezm, AE, unknown ruler. None
283187 #283187 - Khwarizm, AE, King with camel crown / tamgha None
105900 #105900 - Khwarizm, AE, King with camel crown / tamgha. None
55692 #55692 - Khwarizm, AE, Ruler with camels? crown. None
1175 #1175 - Khwarizm, AE, ruler's head with camel´s crown. None
114906 #114906 - Ancient Khwarezm, AE, Sanabar. None
20858 #20858 - Khwarezm, AE, king Sanabar. None
81416 #81416 - Khwarizm, AE, King Sanabar None
370313 #370313 - Central Asia, Khwarizm, king Rast. Vainberg, type Б(2)13 None
370314 #370314 - Central Asia, Khwarizm, king Rast. Vainberg, type Б(2)13 None
370315 #370315 - Central Asia, Khwarizm, king Rast. Vainberg, type Б(2)13 None
370316 #370316 - Central Asia, Khwarizm, king Rast. Vainberg, type Б(2)13 None
109332 #109332 - Khwarazm, AE, MLK´ Rast None
46368 #46368 - Khwarezm, AE coin, king Rast. None
20859 #20859 - Khwarezm, AE, king Rast. None
7596 #7596 - Khwarezm, AE, MLK´ Rast. None
348965 #348965 - Vainberg Б2 13, Khwarazm AE, Rast. None
148684 #148684 - Khwarazm, AE, Sijawsparsh MLK´ None
285590 #285590 - Khwarazm, AE, Sijawsparsh MLK´ None
111392 #111392 - Khwarazm, AE, Sijawsparsh MLK´. None
111393 #111393 - Khwarazm, AE, Sijawsparsh MLK´. None
148683 #148683 - Khwarazm, AE, Sijawsparsh MLK´. None
143866 #143866 - Khwarazm, AE, Sijawsparsh. None
148719 #148719 - Khwarazm, AE, Sijawsparsh. None
148720 #148720 - Khwarazm, AE, Sijawsparsh. None
148644 #148644 - Khwarezm AE, Sijawsparsh. None
20861 #20861 - Khwarezm, AE, king Siyavsparsh. None
20860 #20860 - Khwarezm, AE, king Siyawsparsh. None
46365 #46365 - Khwarezm, AE, king Siyawsparsh. None
7564 #7564 - Khwarezm, AE, MLK` Sijawsparsh. None
110587 #110587 - Khwarezm, AE, Sijawsparsh. None
116098 #116098 - Khwarezm, AE, Sijawsparsh. None
116385 #116385 - Khwarezm, AE, Sijawsparsh. None
219323 #219323 - Khwarizm. AE, Sijawsparsh None
108029 #108029 - Sijawsparsh MLK´ None
303809 #303809 - Khwarazm AE, portrait with camel´s crown? / horseman. None
128637 #128637 - Khwarazm, AE, unknown king. None
163353 #163353 - Khwarazm, AE, unknown ruler, None
148646 #148646 - Khwarazm, AE, unknown... None
110966 #110966 - Khwarezm AE, unknown ruler None
109164 #109164 - Khwarezm, AE bust/horseman, unknown ruler. None
148639 #148639 - Khwarezm, AE bust/horseman, unknown ruler. None
148640 #148640 - Khwarezm, AE bust/horseman, unknown ruler. None
287557 #287557 - Khwarezm, AE bust/horseman, unknown ruler. None
20862 #20862 - Khwarezm, AE, unknown king (Siyawsparsh ?). None
283186 #283186 - Khwarezm, AE, unknown ruler None
116387 #116387 - Khwarezm, AE, unknown ruler. None
116411 #116411 - Khwarezm, AE, unknown ruler. None
148645 #148645 - Khwarezm, AE, unknown ruler. None
81414 #81414 - Khwarizm, AE, unknown kings, 5th.C. None
142331 #142331 - AE, ruler's head, rev. khwarazm legend "w/zyk/r". None
111394 #111394 - AE, ruler's head, rev. w/zyk/r None
174573 #174573 - AE, ruler's head, rev. w/zyk/r None
174574 #174574 - AE, ruler's head, rev. w/zyk/r None
174575 #174575 - AE, ruler's head, rev. w/zyk/r None
219317 #219317 - Khwarazm AE, King Wik / Wir?, None
1072 #1072 - Khwarizm, AE, ruler's head, rev. w/zyk/r None
283185 #283185 - Khwarizm, AE, ruler's head, rev. w/zyk/r None
323302 #323302 - Khwarazm AE, Tutuchas. None
354076 #354076 - Khwarazm AR reduced tetradrachm, King Tutukhas. None
354077 #354077 - Khwarazm AR reduced tetradrachm, King Tutukhas. None
134208 #134208 - Khwarazm, AE, Tutuchas. None
46366 #46366 - Khwarezm, AE, king Tutukhas. None
307744 #307744 - Khwarezm, AE, Tutukhas None
20863 #20863 - Khwarezm, AE, Tutukhas. None
116096 #116096 - Khwarezm, AE, Tutukhas. None
339634 #339634 - Khwarizm AR drachm, Tutuchas MLK'. None
173645 #173645 - Vainb В I, Khwarazm , AR coin, Tutuchas MLK' , None
342454 #342454 - Vainberg B I/3, Khwarazm AE, ruler with camel's crown/tamgha, Tutuchas MLK'. None
113512 #113512 - Afrigid AE coin None
113513 #113513 - Afrigid AE coin None
96493 #96493 - Khwarizm. Unknown ruler None
95464 #95464 - Please help Identify None
131276 #131276 - Reverse legends on some Afrigid bronze coins. None
79833 #79833 - Afrighid, Khwarizmia King Ramik Late 6th Cent. None
9675 #9675 - Ancient Khwarizm AR reduced tetradrachm, king Ramik. None
14894 #14894 - Ancient Khwarizm, AR reduced tetradrachm, King Ramik, 6-7 cent. AD None
21088 #21088 - Ancient Khwarizm, AR reduced tetradrachm, King Ramik, 6-7 cent. AD None
21209 #21209 - Ancient Khwarizm, AR reduced tetradrachm, King Ramik, 6-7 cent. AD None
104915 #104915 - Ar reduced tetradrachm, MR´Y MLK` Ramik. None
166593 #166593 - Khwarazm AR drachm, Ramik. None
223084 #223084 - Khwarazm AR reduced tetradrachm, "Ramik". None
297810 #297810 - Khwarazm AR reduced tetradrachm, "Ramik". None
342148 #342148 - Khwarazm AR tetradrachm, Hamwasp (Ramik). None
143673 #143673 - Khwarazm, AR reduced Tdrachm, "Ramik". None
280302 #280302 - Khwarazm, Khwarezm, Khwarizm, AR tetradrachm, Ramik None
41810 #41810 - Khwarezm, AR ½? drachm?, king Ramik. None
76249 #76249 - Khwarezm, AR reduced tetradrachm, king Ramik None
76250 #76250 - Khwarezm, AR reduced tetradrachm, king Ramik None
76308 #76308 - Khwarezm, AR reduced tetradrachm, king Ramik None
76306 #76306 - Khwarezm, AR reduced tetradrachm, king Ramik, cut to 3.2 grams None
1039 #1039 - Khwarezm, AR reduced tetradrachm, king Ramik. None
9862 #9862 - Khwarezm, AR reduced tetradrachm, king Ramik. None
85954 #85954 - Khwarezm, AR Tetradrachm, King Ramik None
111866 #111866 - Khwarezm, AR, MR´Y MLK´ r´myk (hmw/yzsy). None
386942 #386942 - Khwarizm, AR reduced tetradrachm, king Ramik None
386946 #386946 - Khwarizm, AR reduced tetradrachm, king Ramik None
386954 #386954 - Khwarizm, AR reduced tetradrachm, king Ramik None
35173 #35173 - Khwarizm, AR reduced tetradrachm, King Ramik, 6-7th C. AD None
20879 #20879 - Khwarizm, AR reduced tetradrachm, king Ramik. None
20881 #20881 - Khwarizm, AR reduced tetradrachm, king Ramik. None
20882 #20882 - Khwarizm, AR reduced tetradrachm, king Ramik. None
20883 #20883 - Khwarizm, AR reduced tetradrachm, king Ramik. None
20969 #20969 - Khwarizm, AR reduced tetradrachm, king Ramik. None
104776 #104776 - Khwarizm, AR reduced tetradrachm, king Ramik. None
386938 #386938 - Khwarizm, AR reduced tetradrachm, king Ramik. None
386939 #386939 - Khwarizm, AR reduced tetradrachm, king Ramik. None
386940 #386940 - Khwarizm, AR reduced tetradrachm, king Ramik. None
386941 #386941 - Khwarizm, AR reduced tetradrachm, king Ramik. None
386943 #386943 - Khwarizm, AR reduced tetradrachm, king Ramik. None
193762 #193762 - 39631 None
193763 #193763 - 39691 None
107700 #107700 - AE, malik Brawik. None
20123 #20123 - Ancient Khwaresm, King Brawik None
62811 #62811 - Ancient Khwarezm AR drachm, King Brawik, late type. None
9673 #9673 - Ancient Khwarizm AE, king Brawik, beginning of 7th C. None
13875 #13875 - Ancient Khwarizm AR Drachm, King Brawik, late 6th-early 7th cent. AD None
70355 #70355 - Ancient Kwarizm. King Brawik. AE None
251864 #251864 - Brawik None
71884 #71884 - Brawik_Un None
174577 #174577 - Brawik. Khwarizm. None
353363 #353363 - Khwarazm AE, Brawik None
387151 #387151 - Khwarazm AE, Brawik None
143865 #143865 - Khwarazm AE, Brawik? None
167072 #167072 - Khwarazm AE, Brawik. None
323301 #323301 - Khwarazm AE, Brawik. None
125524 #125524 - Khwarazm, AE, Brawik? None
103929 #103929 - Khwarazm, AE, Brawik. None
143867 #143867 - Khwarazm, AE, Brawik. None
145382 #145382 - Khwarazm, AE, Brawik. None
145383 #145383 - Khwarazm, AE, Brawik. None
334369 #334369 - Khwarazm, AE, MR'Y MLK' Brawik, None
387673 #387673 - Khwarazm, AE, MR'Y MLK' Brawik, None
181338 #181338 - Khwarazm, AR reduced TDrachm, Brawik. None
209848 #209848 - Khwarazm, AR reduced tetradrachm, Brawik. None
127961 #127961 - Khwarazm, AR tetradrachm, Brawik. None
102971 #102971 - Khwarezm AE, Brawik. None
298069 #298069 - Khwarezm, AE, Brawik None
48717 #48717 - Khwarezm, AE, Brawik. None
125740 #125740 - Khwarezm, AE, Brawik. Vainb Г II/1. None
122796 #122796 - Khwarezm, AR red. tetradrachm, early type, King Brawik. None
122794 #122794 - Khwarezm, AR reduced tetradrachm, king Brawik. None
125630 #125630 - Khwarizm, AE, Brawik. None
20928 #20928 - Khwarizm, Ar tetradrachm (reduced), king Brawik, early type. None
95801 #95801 - Khwarizm, Brawik None
214730 #214730 - Khwarizm. AE coin, king Brawik None
193764 #193764 - 39751 None
268696 #268696 - Afrighids. AE, Shram. None
20124 #20124 - Ancient Khwaresm, King Shram None
13871 #13871 - Ancient Khwarizm AR Drachm, King Shram, 6-7 cent. AD None
339734 #339734 - Ancient Khwarizm, Afrighid dinasty, Shram AE None
353530 #353530 - Ancient Khwarizm, Afrighid dinasty, Shram AE None
167073 #167073 - Khwarazm AE, Shram. None
323303 #323303 - Khwarazm AE, Shram. None
129330 #129330 - Khwarazm, AE, Shram. None
145269 #145269 - Khwarazm, AE, Shram. None
143674 #143674 - Khwarazm, AR reduced Tdrachm, Shram. None
17731 #17731 - Khwarezm AE, Shram. None
199035 #199035 - Khwarezm, AE portrait and horseman, King Shram. None
121897 #121897 - Khwarezm, AE, MR´Y MLK´ Shram. None
124064 #124064 - Khwarezm, AE, MR'Y MLK' Shram. None
119900 #119900 - Khwarezm, AE, Shram None
95470 #95470 - Khwarezm, AE, Shram. None
119513 #119513 - Khwarezm, AE, Shram. None
124633 #124633 - Khwarezm, AE, Shram. None
124634 #124634 - Khwarezm, AE, Shram. None
125741 #125741 - Khwarezm. AE Shram. Vainb Г III/3. None
208397 #208397 - Khwarizm AE, Camel Crown, Shram, Vainb ΓIII/5 None
208398 #208398 - Khwarizm AE, Camel Crown, Shram, Vainb ΓIII/5 None
208395 #208395 - Khwarizm AE, Shram, Vainb ΓIII/3 None
208399 #208399 - Khwarizm AE, Shram. None
104790 #104790 - MR´Y MLK`Shram, with title? "hwt´w" in front of portrait. None
278086 #278086 - s-l1600shram5 None
70282 #70282 - Shram AE None
88938 #88938 - Shram AE None
78199 #78199 - Shram AR None
341897 #341897 - Vainberg ΓIII, Khwarazm AR reduced tetradrachm, Šaram / Shram. None
327062 #327062 - Vainberg ΓIII, Khwarazm AR tetradrachm, MR'Y MLK' Shram. None
19842 #19842 - Ancient Khwaresm, King Azkatswar "Chegan". None
46517 #46517 - Ancient Khwaresm,copper coin of king Azkatsvar -Chegan . None
281961 #281961 - Khwarazm AE, Azkatwar I. None
123877 #123877 - Khwarazm, AE, Azkatswar I None
110008 #110008 - Khwarazm, AE, Azkatswar I. None
150360 #150360 - Khwarazm, AE, Azkatswar I. None
21238 #21238 - Khwarizm; AE, king Azkatswar I (Chegan) None
202989 #202989 - Khwarizm; AE, king Azkatswar I (Chegan). None
80057 #80057 - MR'Y MLK' Azkatswar(Jigan) None
320946 #320946 - Vainberg Г 11, Khwarazm AE, Azkatswar I (Jigan/Chegan). None
193765 #193765 - 14005 None
193766 #193766 - 21533 None
89653 #89653 - AE 31, MRÝ MLK´ k´nk (Kanik) None
95488 #95488 - AE, Kanik. None
62720 #62720 - Ancient Khwarezm AR drachm, King Kanik. None
9674 #9674 - Ancient Khwarizm AE, King Kanik, ca. AD700 None
15532 #15532 - Ancient Khwarizm copper coin, King Kanik, ca. early 8th century AD None
19750 #19750 - Ancient Khwarizm, MR´Y MLK´ Kanik. None
104914 #104914 - Ar reduced tetradrachm, MRÝ MLK´Kanik. None
219314 #219314 - Khwarazm AE, Kanik. None
354079 #354079 - Khwarazm AE, Kanik. None
217432 #217432 - Khwarazm AR reduced tetradrachm, MR'Y MLK' Kanik. None
130742 #130742 - Khwarazm, AE, Kanik None
155158 #155158 - Khwarazm, AE, Kanik. None
95463 #95463 - Khwarezm, AE, Kanik None
119512 #119512 - Khwarezm, AE, Kanik. None
124636 #124636 - Khwarezm, AE, Kanik. None
20864 #20864 - Khwarezm, AE, lord king Kanik. None
116095 #116095 - Khwarezm, AE, MR´Y MLK´ Kanik. None
277842 #277842 - Khwarizm AE, Kanik None
305578 #305578 - Khwarizm AE, Kanik None
208394 #208394 - Khwarizm AE, Kanik, Vainb ΓIV/8 None
208396 #208396 - Khwarizm AE, Kanik. None
282248 #282248 - Khwarizm, AE, MR´Y MLK´ Kanik None
70251 #70251 - Khwarizm, AE, MR´Y MLK´ Kanik. None
278083 #278083 - Khwarizm, AE, MR´Y MLK´ Kanik. None
278084 #278084 - Khwarizm, AE, MR´Y MLK´ Kanik. None
80984 #80984 - Khwarizm, drachm, Kanik None
96312 #96312 - Khwarizm,AE MR'Y MLK' Kanik None
48718 #48718 - King Kanik, early 8th cent. None
108172 #108172 - MR'Y MLK' k'nyk AE None
89659 #89659 - MR'Y MLK' Kanik None
109704 #109704 - MRÝ MLK´ Kanik None
109705 #109705 - MRÝ MLK´ Kanik None
109706 #109706 - MRÝ MLK´ Kanik None
108140 #108140 - MRÝ MLK´Kanik None
193858 #193858 - 44098032 None
193859 #193859 - 44098108 None
156999 #156999 - AE. MR`Y MLK` Shawat None
158880 #158880 - AE. MR`Y MLK` Shawat None
216218 #216218 - Khwarazm AE, MR'Y ML'K Shawat. None
212818 #212818 - Khwarazm AE, Shawat. None
309756 #309756 - Khwarazm AE, Shwat/Shawat. None
329534 #329534 - Khwarazm AR (tetra)drachm, Shawat. None
225413 #225413 - Khwarazm AR tetradrachm, MR'Y ML'K Shawat. None
225414 #225414 - Khwarazm AR tetradrachm, MR'Y ML'K Shawat. None
225415 #225415 - Khwarazm AR tetradrachm, MR'Y ML'K Shawat. None
90593 #90593 - Khwarazm, AE Shawat. None
143675 #143675 - Khwarazm, AR reduced Tdrachm, Shwat/Shavat. None
143676 #143676 - Khwarazm, AR reduced Tdrachm, Shwat/Shavat. None
159072 #159072 - Khwarazm, AR, Shawat. None
111580 #111580 - Khwarezm, AR, MR´Y MLK´ Shwat. None
70254 #70254 - Khwarizm, AE, MR`Y MLK` SW`T. None
70238 #70238 - Khwarizm, Ar, MR`Y MLK` SW`T. None
71092 #71092 - Khwarizm,AE, MR`Y MLK` Shawat None
205146 #205146 - MR'Y MLK' Shawat. None
369578 #369578 - Afrighid dynasty, Local issue of Kerder, AE. MRÝ MLK´hwsrw None
236024 #236024 - Central Asia, Khwarizm, AE unit, MR´Y MLK´ Khusru, Kerder district None
100001 #100001 - Kerder district, Khusru None
116362 #116362 - Khusru AE None
280702 #280702 - Khwarazm AE, MR'Y MLK' Khusru. None
327036 #327036 - Khwarazm, Kerder AE, Khusru. None
339633 #339633 - Khwarizm, Kerder district AE coin, Khusru. None
55691 #55691 - Khwarizm, local coinage, AE, Khusru. None
86126 #86126 - local coin of Kerder None
87249 #87249 - Local coin of Kerder, AE, MRÝ MLK´hwsrw None
74564 #74564 - Local coin of Kerder, AE, MRÝ MLK´hwsrw. None
320396 #320396 - Local issue of Kerder, AE, MRÝ MLK´hwsrw None
320715 #320715 - Local issue of Kerder, AE, MRÝ MLK´hwsrw None
348966 #348966 - Vainberg Г 12, Khwarazm, Kerder district AE coin, Khusru. None
86127 #86127 - Ancient Khwarizm, AE, Vainberg Γ13. None
278014 #278014 - Ancient Khwarizm, AE, Vainberg Γ13. None
86877 #86877 - Kerder district, AE, MR'Y MLK' Sawsawar? None
125065 #125065 - Kerder, Sawsawar, Vainb Г13 None
160299 #160299 - Khwarazm, AE, MR'Y MLK' Sawsawar, cross. None
35223 #35223 - Khwarezm, AE, local coin of Kerder, king Sawsawar? None
143869 #143869 - Khwarizm, AE, ML´K Sawsawar. None
89566 #89566 - Malik Sawrshafan None
86231 #86231 - Vainberg Г 13 None
232111 #232111 - Vainberg Г13. Khwarazm AE, Sawsawar. None
291337 #291337 - Afrighids of Khwarizm, AR reduced tetradrachm, Sawšafan None
141163 #141163 - Afrighids, AR reduced tetradrachm, Sawšafan None
288943 #288943 - Afrighids, AR reduced tetradrachm, Sawšafan None
199680 #199680 - Afrighids, AR reduced tetradrachm, Sawšafan. None
199682 #199682 - Afrighids, AR reduced tetradrachm, Sawšafan. None
21085 #21085 - Ancient Khwarizm , Sawfshafan None
9696 #9696 - Ancient Khwarizm AR Drachm, King Sawfshafan, ca. AD751-762 None
15533 #15533 - Ancient Khwarizm AR Drachm, King Sawfshafan, ca. AD751-762 None
36038 #36038 - Ancient Khwarizm AR Drachm, King Sawfshafan, ca. AD751-762 None
32492 #32492 - Ancient Khwarizm AR Drachm, King Sawfshafan, with cross. None
327240 #327240 - Ancient Khwarizm. King Sawrshafan with sogdian legend on obverse. AE None
285899 #285899 - Ancient Khwarizm. King Sawrshafan. AE None
70356 #70356 - Ancient Khwarizm. King Sawshafan. AE None
288735 #288735 - Ancient Khwarizm. King Sawshafan. AE None
104912 #104912 - Ar reduced tetradrachm, MRÝ MLK´Sawrshafan None
104913 #104913 - Ar reduced tetradrachm, MRÝ MLK´Sawrshafan. None
108021 #108021 - Ar reduced tetradrachm, MRÝ MLK´Sawrshafan. None
18262 #18262 - AR reduced Tetradrachm, Sawrshafan. None
71892 #71892 - AR SAVSHAFAN None
275586 #275586 - Khwarazm AR drachm, MR´Y MLK´ Sawrshafan, ca AD 751-762 None
387486 #387486 - Khwarazm AR drachm, Sawrshafan None
387535 #387535 - Khwarazm AR drachm, Sawšafan None
333019 #333019 - Khwarazm AR drachm, Sawšafan. None
333020 #333020 - Khwarazm AR drachm, Sawšafan. None
334271 #334271 - Khwarazm AR drachm, Sawšafan. None
335706 #335706 - Khwarazm AR drachm, Sawšafan. None
281962 #281962 - Khwarazm AR drachm, Sawshafan. None
143868 #143868 - Khwarazm, AE, Sawshafan. None
167074 #167074 - Khwarazm, AR reduced TDr, Sawrshafan. None
181339 #181339 - Khwarazm, AR reduced TDrachm, Sawrshafan. None
143677 #143677 - Khwarazm, AR reduced Tdrachm, Sawshafan. None
143678 #143678 - Khwarazm, AR reduced Tdrachm, Sawshafan. None
128150 #128150 - Khwarazm, AR reduced tetradrachm, Sawshafarn. None
216232 #216232 - Khwarazm, AR tetradrachm, Sawrshafan. None
8177 #8177 - Khwarezm AR drachm, Savshafan w. cross. None
298068 #298068 - Khwarezm, AE, Sawrshafan None
23430 #23430 - Khwárizmšáhid AR drahm, Šavušafar, cca 745 - 765 None
258751 #258751 - Malik Sawshafan. Drachm. None
104791 #104791 - MR´Y MLK` Sawrshafan. None
104792 #104792 - MR´Y MLK` Sawrshafan. None
275612 #275612 - MR´Y MLK´ Sawrshafan None
109703 #109703 - MR´Y MLK´ Sawrshafan, Vainb Г V9 None
86219 #86219 - MR'Y MLK' Sawrshafarn 751-762 None
87025 #87025 - MR'Y MLK' Sawrshafarn, 751-762 AD None
89400 #89400 - MR'Y MLR' Safrshafarn EA None
152470 #152470 - S69 None
88126 #88126 - Sawrshafan AE coin None
70281 #70281 - Sawrshafan AR drachm None
148685 #148685 - Sawrshafan AR drachm None
79053 #79053 - Sawrshafan AR drachm, ca. AD 751-762 None
89386 #89386 - Sawrshafarn AR drachm None
229316 #229316 - Afrighids of Khwarezm, AR drachm, Azkaswar II. None
377478 #377478 - Afrighids of Khwarezm, AR drachm, Azkaswar II. None
342544 #342544 - Khwarazm AR drachm, Azkājvār / Azkaswar II. None
284096 #284096 - Khwarazm AR reduced tetradrachm, Azkaswar II None
307655 #307655 - Khwarizm, Afrighids, MR´Y MLK´ Azkaswar II, AR drachm None
199470 #199470 - Khwarizm, The Afrighid dynasty, MR´Y MLK´ Azkaswar II, AR drachm None
181340 #181340 - Var ? Khwarazm, AR reduced TDrachm, Azkaswar II. None
181341 #181341 - Var 1. Khwarazm, AR reduced TDrachm, Azkaswar II. None
96562 #96562 - Var.1. Azkaswar II, c. 770-800 AD. None
99988 #99988 - Var.1. Azkaswar II, c. 770-800 AD. None
99994 #99994 - Var.1. Azkaswar II, c. 770-800 AD. None
99995 #99995 - Var.1. Azkaswar II, c. 770-800 AD. None
123416 #123416 - Var.1. Azkaswar II, c. 770-800 AD. None
158796 #158796 - Var.1. Azkaswar II, c. 770-800 AD. None
70246 #70246 - Var.1. AzkaswarII. With cross behind head. None
98765 #98765 - Var.2. Azkaswar II, c. 770-800 AD. None
99986 #99986 - Var.2. Azkaswar II, c. 770-800 AD. None
99987 #99987 - Var.2. Azkaswar II, c. 770-800 AD. None
99993 #99993 - Var.2. Azkaswar II, c. 770-800 AD. None
132163 #132163 - Var.2. Azkaswar II, c. 770-800 AD. None
278743 #278743 - Var.2. Azkaswar II, c. 770-800 AD. None
132540 #132540 - Var.2. Azkaswar II, c. 770-800 AD. With dots cross on Rev. None
99989 #99989 - Var.3. Azkaswar II, c. 770-800 AD. None
99990 #99990 - Var.3. Azkaswar II, c. 770-800 AD. None
99991 #99991 - Var.3. Azkaswar II, c. 770-800 AD. None
123417 #123417 - Var.4. Azkaswar II, c. 770-800 AD. None
123415 #123415 - Var.5. Azkaswar II, c. 770-800 AD. None
71095 #71095 - Var.XZ. Azkaswar II. None
16054 #16054 - Var.XZ. King Azkatswar II. None
20972 #20972 - Var.XZ. King Azkatswar II. None
158798 #158798 - Azkaswar II with unread arab legend behind horse. None
192035 #192035 - Drachm or dirham. Azkaswar II None
277932 #277932 - Khwarazm AR drachm, Azkaswar II with unread arab legend behind horse. None
278087 #278087 - Khwarazm AR reduced tetradrachm, Azkaswar II with unread arab name behind horse. None
70354 #70354 - AR Azkaswar II-Abdallah, with al-Fadl. None
143222 #143222 - Arab-Khwarizm, al-Fadl b. Sahl, AR drachm, no mint or date. None
273103 #273103 - Azkaswar II-Abdallah with al-Fadl b. Sahl. Drachm None
260139 #260139 - Khwarazm AR drachm, Azkaswar II, with al-Fadl? behind horse.. None
15615 #15615 - Khwarezm, Azkaswar II. - `Abd Alláh, with gov. al-Fadl b. Sulaymán None
23805 #23805 - Khwárizm, Azkaswar II. - `Abd Alláh, w/ al-Fadl (b. Sahl?) None
158797 #158797 - Khwarizm. Azkaswar II with gov. al-Fadl. None
174544 #174544 - Azkaswar II with Dhu’l-Riyasatayn lillah. None
193767 #193767 - Azkaswar II with Dhu’l-Riyasatayn lillah. None
286786 #286786 - Azkaswar II with lillah Dhu’l-Riyasatayn None
227634 #227634 - Khwarazm AR tetradrachm, Azkaswar II, with the vizier lillâh Dhû r-riyâsatayn, al-Fadl b Sahl. None
236582 #236582 - Khwarazm AR tetradrachm, Azkatswar II, with the vizier Dhû r-riyâsatayn, al-Fadl b Sahl. None
131268 #131268 - Khwarazm, AR reduced TDr, Azkaswar II + Dhu’l-Riyasatayn lillah. None
77474 #77474 - Khwarazm, AR reduced TDr, AzkaswarII-Abdallah. None
173248 #173248 - Khwarazm, AR, al-Fadl b. Sahl. None
87493 #87493 - Khwarizm, AR drachm, Azkaswar II with "lillah Dhu'l-Riyasatayn" None
99087 #99087 - Khwarizm, AR drachm, Azkaswar II with "lillah Dhu'l-Riyasatayn" None
152788 #152788 - Khwarizm, AR drachm, Azkaswar II with "lillah Dhu'l-Riyasatayn" None
70248 #70248 - Khwarizm, Ar, MR´Y MLK´ Azkaswar II - Abdallah, with Dhú-l-riyásatayn. None
16559 #16559 - Khwárizm, Azkaswar II - `Abd Alláh w/Dhú-l-riyásatayn or al-Fadl None
16965 #16965 - Khwárizm, Azkaswar II - `Abd Alláh w/Dhú-l-riyásatayn. None
272622 #272622 - Azkatswar II-Abdallah, with al-Fadl and Khalid None
71639 #71639 - Azkatswar II-Abdallah, with al-Fadl and Khalid. None
223227 #223227 - Khwarazm AR drachm, Askaswar II with Khalid. None
239347 #239347 - Azkaswar II with Ja´far None
273511 #273511 - Khwarazm AR drachm, Azkaswar II with Ja'far. None
199471 #199471 - Khwarizm, AR drachm, Azkaswar II with Arabic governor Ṭalḥa None
99997 #99997 - Drachm or dirham. Azkaswar II and Arab governor al-Abrad. None
21090 #21090 - Khwarizm AR drachm, Azkatswar II-Abdallah with al-Abrad. None
299337 #299337 - Khwarazm AR drachm, Abd Allah b Tahir with Mohammad. None
99992 #99992 - Drachm or dirham. Azkaswar II and arabian governor Akki? None
99996 #99996 - Drachm or dirham. Azkaswar II and arabian governor Akki? None
179113 #179113 - Drachm or dirham. Azkaswar II and arabian governor al-Akki. None
298984 #298984 - Afrighids of Khwarezm, AE, horse/tamgha None
299545 #299545 - Afrighids of Khwarezm, unknown ruler , AE , horse/tamgha None
108914 #108914 - Afrigids Khwarezm, AE, horse/tamgha. None
374802 #374802 - Central Asia, Khwarezm AE unit, unknown ruler, Vainberg Г14 None
162406 #162406 - Khwarazm, AE horse/tamgha. None
152980 #152980 - Khwarazm, AE, horse / tamgha. None
157508 #157508 - Khwarazm, AE, horse / tamgha. None
174338 #174338 - Khwarazm, AE, horse/tamgha. None
183400 #183400 - Khwarazm, AE, unknown ruler. None
87250 #87250 - Khwarezm AE, unknown ruler, Vainberg Г14 None
107514 #107514 - Khwarezm AE, unknown ruler, Vainberg Г14 None
66544 #66544 - Khwarezm AE, unknown ruler, Vainberg Г14, new type. None
43734 #43734 - Khwarezm AE, unknown ruler, Vainberg Г14. None
43739 #43739 - Khwarezm AE, unknown ruler, Vainberg Г14. None
45596 #45596 - Khwarezm AE, unknown ruler, Vainberg Г14. None
166590 #166590 - Khwarezm AE, unknown ruler. None
123675 #123675 - Khwarezm AE. Unknown ruler. Vainberg Г14. None
275250 #275250 - Khwarezm AE. Unknown ruler. Vainberg Г14. None
199017 #199017 - Khwarezm, AE horse/tamgha None
214731 #214731 - Khwarizm. AE coin, horse/tamgha. None
320355 #320355 - Vainberg Г14, Khwarizm AE coin with horse and tamgha. None
177280 #177280 - AE fals/pendant?, Sayf/sanf/Dayf? B. Ubayd Allah. None
339636 #339636 - AE pendant, Saik(?) b. Ubaydallah. None
118566 #118566 - Date? Fals. Anonymous? Khwarazm (Kath). None
152022 #152022 - Help to ID None
347495 #347495 - Khwarazm bronze pendant, Yaqub b. Yusuf. None
246793 #246793 - Khwarazm/Unknown dynasty, pendant?, Yaqub b. Yusuf. None
160086 #160086 - Khwarizm ?, NM, ND. Yaqub b. Yusuf None
165589 #165589 - ND. Fals. Saiq? b. Ubaydallah. NM (Khwarazm?) None
74888 #74888 - ND. Fals. Saiq? b. Ubaydallah. NM (Khwarazm?). None
141973 #141973 - ND. Fals. Saiq? b. Ubaydallah. NM (Khwarazm?). None
29253 #29253 - 203 AH. AE Fals. Nuh b Asad. Madinat Khwarazm (= Kath). None
62837 #62837 - 203 AH. Fals. Nuh b Asad. Madinat Khwarazm (= Kath). None
239485 #239485 - 203 AH. Fals. Samanid Nuh b. Asad. Mint Madinat Khwarizm None
245181 #245181 - Khwarizm 203 AH None
75476 #75476 - 224 AH. Fals. Abd Allah b Tahir. Khwarazm (Kath). None
103545 #103545 - 224 AH. Fals. Abd Allah b Tahir. Khwarazm (Kath). None
166360 #166360 - 224 AH. Fals. Anonymous, Abdallah b. Tahir temporary. Khwarazm (Kath). None
166363 #166363 - 224 AH. Fals. Anonymous, Abdallah b. Tahir temporary. Khwarazm (Kath). None
166364 #166364 - 224 AH. Fals. Anonymous, Abdallah b. Tahir temporary. Khwarazm (Kath). None
166365 #166365 - 224 AH. Fals. Anonymous, Abdallah b. Tahir temporary. Khwarazm (Kath). None
52089 #52089 - 224 AH. Fals. Anonymous, Abdallah b. Tahir temporary. Khwarizm (Kath). None
127313 #127313 - 224 AH. Fals. Anonymous, Abdallah b. Tahir temporary. Khwarizm (Kath). None
166367 #166367 - 224 AH. Fals. Anonymous, Abdallah b. Tahir temporary. Khwarizm (Kath). None
43459 #43459 - 224 AH. Fals. Anonymous. Khwarazm (Kath). None
43647 #43647 - 224 AH. Fals. Anonymous. Khwarazm (Kath). None
189010 #189010 - AE Fals. Anonymous, Abdallah b. Tahir temporary. Khwarazm (Kath) None
59568 #59568 - Date? Fals. Abd Allah b. Tahir. Khwarazm (Kath). None
107646 #107646 - Date? Fals. Abd Allah b. Tahir. Khwarazm (Kath). None
4800 #4800 - 226 AH. Fals. Al-amir Mīkāl mawlâ Ṭāhir. Khwarazm (Kath). None
80454 #80454 - 226 AH. Fals. Al-amir Mīkāl mawlâ Ṭāhir. Khwarazm (Kath). None
123409 #123409 - 226 AH. Fals. Al-amir Mīkāl mawlâ Ṭāhir. Khwarazm (Kath). None
127148 #127148 - 226 AH. Fals. Al-amir Mīkāl mawlâ Ṭāhir. Khwarazm (Kath). None
52090 #52090 - 227 AH. Fals. Al-amir Mīkāl mawlâ Ṭāhir. Khwarazm (Kath). None
126799 #126799 - 228 AH. Fals. Al-amir Mīkāl mawlâ Ṭāhir. Khwarazm (Kath). None
15834 #15834 - 228 AH. Fals. Аl-amir Mīkāl mawlâ Ṭāhir. Khwarazm (Kath). None
21172 #21172 - 228 AH. Fals. Аl-amir Mīkāl mawlâ Ṭāhir. Khwarazm (Kath). None
23003 #23003 - 228 AH. Fals. Аl-amir Mīkāl mawlâ Ṭāhir. Khwarazm (Kath). None
52088 #52088 - 228 AH. Fals. Аl-amir Mīkāl mawlâ Ṭāhir. Khwarazm (Kath). None
77722 #77722 - 228 AH. Fals. Аl-amir Mīkāl mawlâ Ṭāhir. Khwarazm (Kath). None
85875 #85875 - 228 AH. Fals. Аl-amir Mīkāl mawlâ Ṭāhir. Khwarazm (Kath). None
109707 #109707 - 228 AH. Fals. Аl-amir Mīkāl mawlâ Ṭāhir. Khwarazm (Kath). None
127161 #127161 - 228 AH. Fals. Аl-amir Mīkāl mawlâ Ṭāhir. Khwarazm (Kath). None
127166 #127166 - 228 AH. Fals. Аl-amir Mīkāl mawlâ Ṭāhir. Khwarazm (Kath). None
4801 #4801 - Date? Fals. Fals. Al-amir Mīkāl mawlâ Ṭāhir. Khwarazm (Kath). None
77047 #77047 - Date? Fals. Fals. Al-amir Mīkāl mawlâ Ṭāhir. Khwarazm (Kath). None
274392 #274392 - Tahirid, Khwarezm AE fals, amir Mi'kal mawla Tahir. None
307484 #307484 - Tahirid, Khwarezm AE fals, amir Mi'kal mawla Tahir. None
364523 #364523 - 'Abd Allah b. Tahir and the local ruler Muhammad b. Yahya, fals, Khwarizm None
301552 #301552 - Khwarizm, Abdallah b. Tahir, with Mohammad b. Yahya on obv. None
166361 #166361 - Muhammad b. Yahya, AE fals None
166362 #166362 - Muhammad b. Yahya, AE fals None
329516 #329516 - Tahirid AE fals, Abd Allah b. Tahir and Muhammad b. Yahya None
332385 #332385 - Tahirid AE fals, Abdallah b Tahir with Mohammad b Yahya. None
332386 #332386 - Tahirid AE fals, Abdallah b Tahir with Mohammad b Yahya. None
280908 #280908 - Tahirid ruler 'Abd Allah b. Tahir and the local ruler Muhammad b. Yahya None
202999 #202999 - TAHIRID: AE fals, 'Abd Allah b. Tahir and Mohammad b Yahya, countermark None
169559 #169559 - (Khwarazm AH 260s), AE fals, Mohammad b Ibrahim b Jibra'il. None
215936 #215936 - [Khwarazm] AH 260s, AE fals, Mohammad b Ibrahim b Jabrail. None
36087 #36087 - 263 AH. Fals. Muhammad b. Ibrahim b. Jibra'il. Khwarazm (Kath). None
95067 #95067 - 263 AH. Fals. Muhammad b. Ibrahim b. Jibra'il. Khwarazm (Kath). None
121597 #121597 - 263 AH. Fals. Muhammad b. Ibrahim b. Jibra'il. Khwarazm (Kath). None
258443 #258443 - 263 AH. Fals. Muhammad b. Ibrahim b. Jibra'il. Khwarizm (Kath) None
258444 #258444 - 263 AH. Fals. Muhammad b. Ibrahim b. Jibra'il. Khwarizm (Kath) None
314394 #314394 - Khwarazm AE fals, Muhammad b. Ibrahim b. Jabrail. None
280920 #280920 - Khwarizm AE fals, Muhammad b. Ibrahim b. Jibra'il, 263-265 AH None
280924 #280924 - Khwarizm AE fals, Muhammad b. Ibrahim b. Jibra'il, 263-265 AH None
304179 #304179 - Khwarizm, 263 or 265. Muhammad b. Ibrahim b. Jabrail None
4799 #4799 - Date? Fals. Al-amir Ahmad b. Muhammad b. Talha. None
148410 #148410 - Date? Fals. Al-amir Ahmad b. Muhammad b. Talha. None
186896 #186896 - Khwarizm None
158792 #158792 - 280 AH. Fals. `Iraq b. Mansour. Khwarizm (Kath) issue. None
4806 #4806 - 280 AH. Fals. Iraq b. Mansour. Khwarizm (Kath). None
4798 #4798 - 280 AH. Fals. Iraq b. Mansour. Khwarizm (Kath). None
46551 #46551 - 280 AH. Fals. Iraq b. Mansur. Khwarizm (Kath). None
280916 #280916 - 280AH. Khwarizm, Iraq b. Mansur None
280917 #280917 - 280AH. Khwarizm, Iraq b. Mansur None
4797 #4797 - Date? Fals. Iraq b. Mansur. Khwarazm. None
53156 #53156 - Date? Fals. Iraq b. Mansur. Khwarazm. None
121896 #121896 - Date? Fals. Iraq b. Mansur. Khwarazm. None
44800 #44800 - 348 AH. Dirham. Ahmad b Muhammad Khwarazmshah. None
44801 #44801 - 348? AH. Dirham. Ahmad b Muhammad Khwarazmshah. None
299498 #299498 - Afrighids of Kath, Khwarizm ND, AE fals, Ahmad b Mohammad. None
242520 #242520 - Ahmad b. Muhammad None
215224 #215224 - Khwarazm 360's AH, AE fals, Ahmad b. Muhammad None
152637 #152637 - Khwarazm, AE fals, Ahmad b Muhammad. None
193969 #193969 - Khwarazm?, AE fals Ahmad b. Muhammad. None
246794 #246794 - Khwarizm AE fals, ND, Ahmad b. Muhammad. None
246792 #246792 - Khwarizm, AE fals ND, Ahmad b. Muhammad None
323047 #323047 - Khwarizm, AE fals, Ahmad b. Muhammad, lion type. None
319020 #319020 - Khwarizmshah Ahmad b. Muhammad. Khwarizm, 371 AH None
302438 #302438 - Khwarizmshahs AE fals, Ahmad b. Muhammad None
286920 #286920 - Khwarizmshahs AE fals, Ahmad b. Muhammad None
327200 #327200 - Khwarizmshahs AE fals, Ahmad b. Muhammad None
153123 #153123 - Khwarizmshahs AE fals, Ahmad b. Muhammad. Khwarizm 366AH None
158791 #158791 - ND. Fals. Ahmad b. Muhammad Khwarazmshah. Khwarezm issue. None
4804 #4804 - ND. Fals. Ahmad b. Muhammad Khwarazmshah. Khwarezm. None
4807 #4807 - ND. Fals. Ahmad b. Muhammad Khwarazmshah. Khwarezm. None
41807 #41807 - ND. Fals. Ahmad b. Muhammad Khwarazmshah. Khwarezm. None
44462 #44462 - ND. Fals. Ahmad b. Muhammad Khwarazmshah. Khwarezm. None
52023 #52023 - ND. Fals. Ahmad b. Muhammad Khwarazmshah. Khwarezm. None
52024 #52024 - ND. Fals. Ahmad b. Muhammad Khwarazmshah. Khwarezm. None
52025 #52025 - ND. Fals. Ahmad b. Muhammad Khwarazmshah. Khwarezm. None
52026 #52026 - ND. Fals. Ahmad b. Muhammad Khwarazmshah. Khwarezm. None
75399 #75399 - ND. Fals. Ahmad b. Muhammad Khwarazmshah. Khwarezm. None
118568 #118568 - ND. Fals. Ahmad b. Muhammad Khwarazmshah. Khwarezm. None
123410 #123410 - ND. Fals. Ahmad b. Muhammad Khwarazmshah. Khwarezm. None
143206 #143206 - ND. Fals. Ahmad b. Muhammad Khwarazmshah. Khwarezm. None
4805 #4805 - ND. Fals. Ahmad b. Muhammad shah. Khwarazm. None
120497 #120497 - ND. Lion fals. Ahmad b. Muhammad Khwarazmshah. Khwarezm. None
171653 #171653 - 365 AH. Fals. Muhammad b. Ahmad. Khwarizm mint. None
296631 #296631 - AE fals Mohammad b Ahmad Khwarezmshah None
106131 #106131 - AE fals Mohammad b Ahmad Khwarezmshah. None
128505 #128505 - Afrigids AE fals, Muhammad b. Ahmad None
120626 #120626 - Khwarezm, AE fals, Mohammad b Ahmad Khwarezmshah. None
127069 #127069 - Khwarizmshah. Muhammad b. Ahmad. Khwarizm None
108124 #108124 - Muhammad b. Ahmad, AE Fals, Help ID None
354080 #354080 - Syr Darya Oghuz (Ghuzz) State. AR reduced tetradrachm, ʿAbd Allah ibn Tahir. None
132161 #132161 - Abdallah b. Tahir and Muhammad. None
202987 #202987 - AR drachm, 'Abd Allah b. Tahir and Muhammad. None
201697 #201697 - AR Drachm, without mint or date, ‘ABDALLAH B. TAHIR + MUHAMMA None
124109 #124109 - Azkaswar II + Abdallah b. Tahir + Muhammad None
314071 #314071 - Ghuzz of Syr-Darya, AR drachm, 'abd Allah bin tahir with Mohammad. None
173131 #173131 - Ghuzz Rulers of Syr Darya, ‘Abdallah b. Tahir and Muhammad. None
333008 #333008 - Khwarazm AR drachm, 'Abd Allah b. Tahir with Muhammad. None
184343 #184343 - Syr Darya Oghuz. AR Drachm, temp. Namij Jabuya. None
132168 #132168 - Abdallah b. Tahir and Jabuyah Arslan. None
98766 #98766 - Abdallah b. Tahir and Jabuyah None
161696 #161696 - Abdallah b. Tahir and Jabuyah None
132541 #132541 - Abdallah b. Tahir and Jabuyah on Rev. None
158500 #158500 - Abdallah b. Tahir and Jabuyah on Rev. None
132159 #132159 - Abdallah b. Tahir and Jabuyah. None
132160 #132160 - Abdallah b. Tahir and Jabuyah. None
201698 #201698 - AR Drachm, without mint or date, ‘ABDALLAH B. TAHIR + NAMIJ JABUYA. None
124108 #124108 - Drachm. 'Abdallah b. Tahir + Namij (?) Jabūyah None
216204 #216204 - GHUZZ AR drachm, 'Abd Allah b. Tahir and Namîj jabuya. None
299338 #299338 - GHUZZ OF SYR DARYA, AR drachm, 'Abd Allah bin Tahir with "Jabuya" None
323790 #323790 - GHUZZ OF SYR DARYA: AR drachm, 'Abd Allah b. Tahir and namîj jabuya. None
327881 #327881 - Ghuzz of Syr-Darya AR drachm, 'Abd Allah b. Tahir with namîj jabuya. None
327880 #327880 - Ghuzz of Syr-Darya AR drachm, 'Abd Allah b. Tahir with namîj jabuya None
314072 #314072 - Ghuzz of Syr-Darya, AR drachm, 'abd Allah bin tahir with namîj jabuya. None
339706 #339706 - Ghuzz of Syr-Darya, AR drachm, 'Abd Allah b. Tahir and namîj jabuya. None
337834 #337834 - Ghuzz of Syr-Darya, AR drachm, 'Abd Allah b. Tahir with Namîj Jabuya None
341320 #341320 - Ghuzz of Syr-Darya, AR drachm, 'Abd Allah b. Tahir with Namîj Jabuya None
331187 #331187 - Ghuzz of Syr-Darya, AR drachm, 'Abd Allah b. Tahir with namîj jabuya. None
173132 #173132 - Ghuzz Rulers of Syr Darya, ‘Abdallah b. Tahir and Namij Jabuya. None
312432 #312432 - Ghuzz Rulers of Syr Darya, AR reduced tetradrachm, 'Abdallah b. Tahir and Namij Jabuya. None
107400 #107400 - Khwarizm, AbdAllah b. Tahir None
184344 #184344 - Syr Darya Oghuz. AR Drachm, Namij Jabuya. None
201699 #201699 - AR Drachm, without mint or date, ‘ABDALLAH B. TAHIR + NAMIJ JABUYA. None
342086 #342086 - GHUZZ OF SYR DARYA AR drachm, 'Abd Allah b. Tahir and jabuya malik al-ghuzziya. None
305814 #305814 - GHUZZ OF SYR DARYA, AR drachm, 'Abd Allah bin Tahir with "Jabuya" None
327878 #327878 - Ghuzz of Syr-Darya AR drachm, jabuya malik al-ghuzziya 'Abd Allah bin tahir None
202986 #202986 - GHUZZ OF SYRDARIA: AR drachm, 'Abd Allah b. Tahir and Jabuya. None
173134 #173134 - Ghuzz Rulers of Syr Darya, ‘Abdallah b. Tahir and Namij Jabuya. None
210728 #210728 - GHUZZ RULERS OF SYR DARYA, AR drachm‘ABDALLAH B. TAHIR (213-230h) AND NAMIJ JABUYA None
299336 #299336 - GHUZZ OF SYR DARYA, AR drachm, jabuya with Abd Allah b Tahir. None
299315 #299315 - GHUZZ OF SYR DARYA, AR drachm?, jabuya with 'abd Allah bin tahir. None
299316 #299316 - GHUZZ OF SYR DARYA, AR drachm?, jabuya with 'abd Allah bin tahir. None
314068 #314068 - Ghuzz of Syr-Darya, AR drachm, jabuya malik al-ghuzziya and 'abd Allah bin Tahir None
337833 #337833 - Ghuzz of Syr-Darya, AR drachm, Jabuya malik al-Ghuzziya and 'Abd Allah bin Tahir None
314069 #314069 - Ghuzz of Syr-Darya, AR drachm, jabuya malik al-ghuzziya and 'abd Allah bin tahir. None
314070 #314070 - Ghuzz of Syr-Darya, AR drachm, jabuya malik al-ghuzziya and 'abd Allah bin tahir. None
124107 #124107 - Jabuyah + Abdallah b. Tahir None
158501 #158501 - Jabuyah + Abdallah b. Tahir None
88728 #88728 - Jabuyah and Abdallah b. Tahir None
132162 #132162 - Abdallah b. Tahir and Muhammad. None
184345 #184345 - Syr Darya Oghuz. AR Drachm, Namij Jabuya. None
124148 #124148 - Jabuya + 'Abdallah b. Tahir None
132342 #132342 - Jabuya + 'Abdallah b. Tahir None
132341 #132341 - Bal Jabuyah. None
147281 #147281 - Khwarazm forgery! None
130130 #130130 - Khwarazm, AR, Brawik, Forgery. None
29304 #29304 - Khwarezm, AE, Sawshafan - MODERN FORGERY. None
29305 #29305 - Khwarezm, AE, Sawshafan - MODERN FORGERY. None
29306 #29306 - Khwarezm, AE, Sawshafan - MODERN FORGERY. None
29307 #29307 - Khwarezm, AE, Sawshafan - MODERN FORGERY. None
29308 #29308 - Khwarezm, AE, Sawshafan - MODERN FORGERY. None
29303 #29303 - Khwarezm, AE, Shram - MODERN FORGERY. None
35171 #35171 - Khwarizm AR drachm, fake None
35172 #35172 - Khwarizm AR drachm, Fantasy coin! None
23431 #23431 - Khwárizmšáhid AR drahm, modern fake None
380927 #380927 - AE Soghdian coin, Portrait / Tamgha None
176241 #176241 - AE, imitation of a Byzantine solidus. None
243513 #243513 - Kai Yuan Tong Bao. None
20136 #20136 - Kai Yuan Tung Bao, with sogdian? legend None
179791 #179791 - Sogd, AE. portrait right / tamga inscription .Not published? None
179790 #179790 - Sogd, Portrait / Ephtalite tamga? None
346866 #346866 - Sogd? AE, Portrait/ Alchon tamgha. None
59126 #59126 - Sogdian seal None
314379 #314379 - Soghd AE, portrait/alchon tamgha. None
314383 #314383 - Soghd AE, portrait/tamgha. None
299004 #299004 - Soghd AR obol, portrait 3/4 left/man standing right. None
181336 #181336 - Soghd, AE, Pair portrait/tamgha? None
312681 #312681 - Soghd? AE, portrait facing/firealtar. None
64197 #64197 - Unknown Soghdian AE. None
86241 #86241 - Unpublished soghd cash-like coin (Panch?) None
3399 #3399 - Western Sogdiana: Scyphate unit None
256523 #256523 - Western Soghd, Bukhara, AR seal None
304151 #304151 - Sogdiana AR hemiobol, bust left/archer. None
8421 #8421 - AE Antiochus-imitation, horse head. None
296200 #296200 - Antiochous imitation, AE horse head None
170397 #170397 - Antiochous imitation, AE horse head. None
170396 #170396 - Antiochous imitation, AR, horse head. None
332171 #332171 - AR Drachm, Imitating an Aï Khanoum issue of Antiochos I. None
292581 #292581 - Contemporary imitation(?). AR Drachm, Antiochos I Soter. None
330233 #330233 - Eastern Sogdh. Antiochus imitation. 100-300 AD None
21362 #21362 - Horse head None
21686 #21686 - Horse head None
21688 #21688 - Horse head None
151772 #151772 - horse head None
387821 #387821 - Horse head None
7415 #7415 - Samarkand Soghd, AE, horse head type None
324242 #324242 - Samarkand Soghd, AR drachm, Antioch imitation w. soghdian legend None
309764 #309764 - Samarkand Soghd, billon coin, Antioch imitation, horse head. None
20326 #20326 - Samarkand, AR coin, Antiochus-imitation. None
21687 #21687 - Samarkand. Horse head None
39942 #39942 - Samarqand AE, horse head type. None
233861 #233861 - Samarqand AE, horse head, countermark. None
233860 #233860 - Samarqand AE, horse head. None
307722 #307722 - Samarqand Antiochus imitation None
273570 #273570 - Samarqand AR drachm/unit, Antiochos-imitation. None
341411 #341411 - Samarqand AR hemidrachm, Antiochos-imitation. None
322139 #322139 - Samarqand AR hemidrachm, Antiochus imitation. None
238855 #238855 - Samarqand AR hemidrachm, bust/horse head type. None
218911 #218911 - Samarqand AR hemidrachm, Horse Head Series(?). None
337569 #337569 - Samarqand AR obol, Antioch imitation None
322140 #322140 - Samarqand AR obol, Antioch imitation. None
166592 #166592 - Samarqand AR obol, bust/horse head. None
310501 #310501 - Samarqand AR unit, Antiochus-imitation. None
208969 #208969 - Samarqand AR unit, bust/horse head. None
352893 #352893 - Samarqand AR, Antiochos-imitation, bust the left / horse head None
351590 #351590 - Samarqand AR, Antiochos-imitation, bust/horse head None
351589 #351589 - Samarqand AR, Antiochos-imitation, bust/horse head. None
351591 #351591 - Samarqand AR, Antiochos-imitation, bust/horse head. None
356631 #356631 - Samarqand AR, Antiochos-imitation, horse head None
285298 #285298 - Samarqand Soghd, AR obol, Horse-head type, Antiochus imitation. None
300943 #300943 - Samarqand Soghd, AR obol, Horse-head type, Antiochus imitation. None
142001 #142001 - Samarqand Soghd, Horse-head type, Antiochus imitation None
151724 #151724 - Samarqand Soghd, Horse-head type, Antiochus imitation. None
154888 #154888 - Samarqand Soghd, Horse-head type, Antiochus imitation. None
140963 #140963 - Samarqand, AE 6th cent, horse head? None
221880 #221880 - Samarqand, AE Antiochus-imitation, horse head. None
221881 #221881 - Samarqand, AE Antiochus-imitation.horse head,with cm. None
141978 #141978 - Samarqand, AE horse head type. None
140067 #140067 - Samarqand, AE obol, Antiochus-im, horse head, countermark. None
140065 #140065 - Samarqand, AE obol, Antiochus-im, horse head. None
149224 #149224 - Samarqand, AE obol, Horse head. cm. None
165409 #165409 - Samarqand, AE, Antiochous imitation, horse head. None
160300 #160300 - Samarqand, AE, bust/horse head. None
160301 #160301 - Samarqand, AE, bust/horse head. None
160302 #160302 - Samarqand, AE, bust/horse head. None
160837 #160837 - Samarqand, AE, Horse head type, countermark None
179200 #179200 - Samarqand, AE, horse head. None
127959 #127959 - Samarqand, AE, last type of the horse head coinage. None
387703 #387703 - Samarqand, anonymous AR obol imitating Antiochos I Soter, stylized bust left / horse head right None
375351 #375351 - Samarqand, Antiochous imitation, AE, horse head None
375352 #375352 - Samarqand, Antiochous imitation, AE, horse head None
375353 #375353 - Samarqand, Antiochous imitation, AE, horse head None
375354 #375354 - Samarqand, Antiochous imitation, AE, horse head None
375440 #375440 - Samarqand, Sogd, Antiochous imitation, AR, horse head None
375441 #375441 - Samarqand, Sogd, Antiochous imitation, AR, horse head None
375442 #375442 - Samarqand, Sogd, Antiochous imitation, AR, horse head None
375443 #375443 - Samarqand, Sogd, Antiochous imitation, AR, horse head None
375444 #375444 - Samarqand, Sogd, Antiochous imitation, AR, horse head None
375445 #375445 - Samarqand, Sogd, Antiochous imitation, AR, horse head None
375446 #375446 - Samarqand, Sogd, Antiochous imitation, AR, horse head None
375447 #375447 - Samarqand, Sogd, Antiochous imitation, AR, horse head None
375449 #375449 - Samarqand, Sogd, Antiochous imitation, AR, horse head None
375450 #375450 - Samarqand, Sogd, Antiochous imitation, AR, horse head None
151725 #151725 - Samarqand, Soghd, Horse-head type, Antiochus, imitation None
51206 #51206 - Small variety of Samarqand "horse-head" Antiochus imitation. None
313879 #313879 - Soghd AR drachm, Antiochos imitation. None
338136 #338136 - Soghd AR drachm, Antiochos imitation. None
295967 #295967 - Soghd, Samarqand, AE obol, Horse head None
253292 #253292 - Type of Aï Khanoum, AR drachm, Antiochos I Soter Imitative type. None
102437 #102437 - AR obol, bust/archer type, Samarqand. None
171561 #171561 - AR obol, bust/archer type, Samarqand.with c-m. None
171562 #171562 - AR obol, bust/archer type, Samarqand.with c-m. None
84217 #84217 - AR obol, Samarqand Soghd. None
3504 #3504 - AR unit with Archer None
364619 #364619 - Central Asia, Soghd, Antiochus imitation (Circa 1st Century AD) AR Obol None
366162 #366162 - Central Asia, Soghd, Antiochus imitation (Circa 1st Century AD) AR Obol None
9736 #9736 - Central Asia, Soghdiana AR coin, ruler's head and archer, 4-5th C.AD None
20328 #20328 - Samarkand, AR coin, unknown king. None
20960 #20960 - Samarkand, AR hemidrachm, unknown king. None
36090 #36090 - Samarkand, AR obol, unknown king None
20329 #20329 - Samarkand, AR obol, unknown king. None
21364 #21364 - Samarkand, AR obol, unknown king. None
21365 #21365 - Samarkand, AR obol, unknown king. None
20982 #20982 - Samarkand, AR obol, unknown ruler. None
29310 #29310 - Samarkand, AR obol, Unknown ruler. None
29311 #29311 - Samarkand, AR obol, Unknown ruler. None
29312 #29312 - Samarkand, AR obol, Unknown ruler. None
251391 #251391 - SAMARKAND: AR unit, bust/archer. None
86891 #86891 - Samarqand AR coin, archer type. None
199684 #199684 - Samarqand AR Hemidrachm, Archer Series None
111725 #111725 - Samarqand AR obol, Archer type None
352894 #352894 - Samarqand AR obol, bust/archer None
353929 #353929 - Samarqand AR obol, bust/archer None
65026 #65026 - Samarqand AR obol, bust/archer tpe None
157512 #157512 - Samarqand AR obol, bust/archer type. None
342149 #342149 - Samarqand AR obol, bust/archer. None
362583 #362583 - Samarqand AR obol, bust/archer. None
362584 #362584 - Samarqand AR obol, bust/archer. None
363980 #363980 - Samarqand AR obol, bust/archer. None
172994 #172994 - Samarqand AR obol. Anonymous. Bust/archer None
116595 #116595 - Samarqand Soghd None
387806 #387806 - Samarqand Soghd, AR “Samarqand Archer”, Series 2, late variant None
387546 #387546 - Samarqand Soghd, AR “Samarqand Archer”, Series 3, exceptional right-facing bust / archer, mirrored dies None
322695 #322695 - Samarqand Soghd, AR obol, Antiochus imitation, Archer. None
322696 #322696 - Samarqand Soghd, AR obol, Antiochus imitation, Archer. None
374372 #374372 - Samarqand Soghd, AR obol, Antiochus imitation, bust/archer None
374375 #374375 - Samarqand Soghd, AR obol, Antiochus imitation, bust/archer None
374376 #374376 - Samarqand Soghd, AR obol, Antiochus imitation, bust/archer None
374377 #374377 - Samarqand Soghd, AR obol, Antiochus imitation, bust/archer None
374392 #374392 - Samarqand Soghd, AR obol, Antiochus imitation, bust/archer None
374393 #374393 - Samarqand Soghd, AR obol, Antiochus imitation, bust/archer None
374394 #374394 - Samarqand Soghd, AR obol, Antiochus imitation, bust/archer None
374395 #374395 - Samarqand Soghd, AR obol, Antiochus imitation, bust/archer None
374397 #374397 - Samarqand Soghd, AR obol, Antiochus imitation, bust/archer None
374398 #374398 - Samarqand Soghd, AR obol, Antiochus imitation, bust/archer None
374399 #374399 - Samarqand Soghd, AR obol, Antiochus imitation, bust/archer None
374400 #374400 - Samarqand Soghd, AR obol, Antiochus imitation, bust/archer None
374401 #374401 - Samarqand Soghd, AR obol, Antiochus imitation, bust/archer None
374402 #374402 - Samarqand Soghd, AR obol, Antiochus imitation, bust/archer None
374403 #374403 - Samarqand Soghd, AR obol, Antiochus imitation, bust/archer None
374404 #374404 - Samarqand Soghd, AR obol, Antiochus imitation, bust/archer None
374405 #374405 - Samarqand Soghd, AR obol, Antiochus imitation, bust/archer None
374406 #374406 - Samarqand Soghd, AR obol, Antiochus imitation, bust/archer None
374407 #374407 - Samarqand Soghd, AR obol, Antiochus imitation, bust/archer None
374408 #374408 - Samarqand Soghd, AR obol, Antiochus imitation, bust/archer None
374409 #374409 - Samarqand Soghd, AR obol, Antiochus imitation, bust/archer None
374410 #374410 - Samarqand Soghd, AR obol, Antiochus imitation, bust/archer None
374411 #374411 - Samarqand Soghd, AR obol, Antiochus imitation, bust/archer None
374412 #374412 - Samarqand Soghd, AR obol, Antiochus imitation, bust/archer None
374874 #374874 - Samarqand Soghd, AR obol, Antiochus imitation, bust/archer None
374875 #374875 - Samarqand Soghd, AR obol, Antiochus imitation, bust/archer None
374876 #374876 - Samarqand Soghd, AR obol, Antiochus imitation, bust/archer None
374877 #374877 - Samarqand Soghd, AR obol, Antiochus imitation, bust/archer None
374878 #374878 - Samarqand Soghd, AR obol, Antiochus imitation, bust/archer None
374879 #374879 - Samarqand Soghd, AR obol, Antiochus imitation, bust/archer None
374880 #374880 - Samarqand Soghd, AR obol, Antiochus imitation, bust/archer None
374881 #374881 - Samarqand Soghd, AR obol, Antiochus imitation, bust/archer None
374882 #374882 - Samarqand Soghd, AR obol, Antiochus imitation, bust/archer None
374883 #374883 - Samarqand Soghd, AR obol, Antiochus imitation, bust/archer None
374884 #374884 - Samarqand Soghd, AR obol, Antiochus imitation, bust/archer None
374885 #374885 - Samarqand Soghd, AR obol, Antiochus imitation, bust/archer None
374886 #374886 - Samarqand Soghd, AR obol, Antiochus imitation, bust/archer None
374887 #374887 - Samarqand Soghd, AR obol, Antiochus imitation, bust/archer None
374888 #374888 - Samarqand Soghd, AR obol, Antiochus imitation, bust/archer None
374889 #374889 - Samarqand Soghd, AR obol, Antiochus imitation, bust/archer None
374890 #374890 - Samarqand Soghd, AR obol, Antiochus imitation, bust/archer None
375213 #375213 - Samarqand Soghd, AR obol, Antiochus imitation, bust/archer None
375452 #375452 - Samarqand Soghd, AR obol, Antiochus imitation, bust/archer None
375453 #375453 - Samarqand Soghd, AR obol, Antiochus imitation, bust/archer None
375454 #375454 - Samarqand Soghd, AR obol, Antiochus imitation, bust/archer None
375455 #375455 - Samarqand Soghd, AR obol, Antiochus imitation, bust/archer None
375456 #375456 - Samarqand Soghd, AR obol, Antiochus imitation, bust/archer None
375457 #375457 - Samarqand Soghd, AR obol, Antiochus imitation, bust/archer None
375701 #375701 - Samarqand Soghd, AR obol, Antiochus imitation, bust/archer None
375702 #375702 - Samarqand Soghd, AR obol, Antiochus imitation, bust/archer None
375703 #375703 - Samarqand Soghd, AR obol, Antiochus imitation, bust/archer None
309772 #309772 - Samarqand Soghd, AR obol, Antiochus imitation, bust/archer. None
327252 #327252 - Samarqand Soghd, AR Obol, Bust/Archer. None
110045 #110045 - Samarqand Soghd, AR, Antiochus imitations, Bust/Archer None
63740 #63740 - Samarqand Soghd, early type of AR "archer" coin None
51205 #51205 - Samarqand Soghd, early type of AR "archer" coin. None
305515 #305515 - Samarqand, AR , Bust/archer type. None
222118 #222118 - Samarqand, AR 15 mm, Bust/archer type. None
222119 #222119 - Samarqand, AR 15 mm, Bust/archer type. None
140948 #140948 - Samarqand, AR hemidrachm?, bust/archer. None
51442 #51442 - Samarqand, AR obol None
51443 #51443 - Samarqand, AR obol None
295877 #295877 - Samarqand, AR obol, archer None
295878 #295878 - Samarqand, AR obol, archer None
119698 #119698 - Samarqand, AR obol, Bust/archer type None
119699 #119699 - Samarqand, AR obol, Bust/archer type None
187747 #187747 - Samarqand, AR obol, Bust/archer type None
189966 #189966 - Samarqand, AR obol, Bust/archer type None
203484 #203484 - Samarqand, AR obol, bust/archer type, archer to the left! None
148409 #148409 - Samarqand, AR obol, bust/archer type, with legend. None
115664 #115664 - Samarqand, AR obol, Bust/archer type. None
88634 #88634 - Samarqand, AR obol, bust/archer. None
215464 #215464 - Samarkand Soghd, AR obol, Archer type, Kydr. None
337655 #337655 - Samarkand Soghd, AR obol, Archer type, Kydr. None
320361 #320361 - Samarkand Soghd, AR obol, Archer type, Kydr/Kidara. None
313013 #313013 - Samarqand AR obol, Archer, Kydr None
182796 #182796 - Samarqand, AR obol, "Kydr" Kidara. None
87194 #87194 - Samarqand, AR obol, bust/archer, Kydr. None
170653 #170653 - Samarqand, AR obol, bust/archer, Kydr. None
142568 #142568 - Samarqand, AR, bust/archer, "Kydr". None
324232 #324232 - Samarqand Soghd, AR obol, Antiochus imitation, archer/legend. None
142002 #142002 - Samarqand Soghd, AR obol, legend/archer type. None
146696 #146696 - Samarqand Soghd, AR obol, legend/archer type. None
124711 #124711 - Samarqand Soghd, Legend / archer type. None
141981 #141981 - Samarqand, AR hemiobol?, legend/archer type. None
157511 #157511 - Samarqand, AR obol, legend / archer type. None
303145 #303145 - Samarqand, AR obol, legend / archer type. None
141980 #141980 - Samarqand, AR obol, legend/archer type. None
140949 #140949 - Samarqand, AR obol, legend/archer. None
140951 #140951 - Samarqand, small AR , legend/archer. None
141983 #141983 - Samarqand, small AR, legend/archer type. None
331555 #331555 - Samarqand Soghd, AR obol, monogram - archer type. None
306588 #306588 - Samarqand Soghd, AR obol, Monogram - archer type.- None
142003 #142003 - Samarqand Soghd, AR obol, Monogram /archer type. None
329992 #329992 - Samarqand Soghd, AR tetartemorion, Monogram /archer None
140950 #140950 - Samarqand, AR obol, Monogram KI/archer. None
158874 #158874 - Samarqand, AR obol, monogram/archer. None
239306 #239306 - East Sogdiana, AE coin None
98727 #98727 - Help identification Central Asia coin None
1823 #1823 - S0001 East Sogdiana, AE coin None
5787 #5787 - S0001 Soghdiana bronze coin, Samarqand Unknown King None
383699 #383699 - Samarkand Soghd, Anephigraphic, Portrait & Tamgha, AE. Holed None
383700 #383700 - Samarkand Soghd, Anepigraphic, Portrait & Extremely Worn Tamgha, AE None
43896 #43896 - Samarqand . Portrait / tamgha, anepigraphic None
254492 #254492 - Samarqand AE. None
334191 #334191 - Samarqand unknown ruler Circa 5th-6th None
221963 #221963 - Soghdiana bronze coin, Samarqand Unknown King, Portrait / tamgha, anepigraphic None
39566 #39566 - AE coin of Samarqand's hwab. None
40720 #40720 - AE coin of Samarqand's hwab. None
67845 #67845 - AE coin of Samarqand's hwab. None
144632 #144632 - AE, Hwab of Samarqand. None
359402 #359402 - Central Asia AE coin None
25364 #25364 - Eastern Sogdiana. Unknown ruler. 7-8 AD None
338135 #338135 - Hwab´s of Samarkand, Portrait/tamgha with sogd legends None
232114 #232114 - Hwab´s of Samarqand, AE, male portrait/tamgha with sogd legend. None
302221 #302221 - Hwab´s of Samarqand, AE, male portrait/tamgha with sogd legend. None
381347 #381347 - Hwabs of Samarkand, Portrait/tamgha with sogd legends None
17111 #17111 - S0026, Samarqand, unknown ruler None
1824 #1824 - S0033 Central Asia, Sogdiana, Unknown ruler None
359094 #359094 - Samarkand AE coin, Portrait/Samarkand Tamgha with Sogdian legend. None
359095 #359095 - Samarkand AE coin, Portrait/Samarkand Tamgha with Sogdian legend. None
353228 #353228 - Samarkand Soghd, Big Portrait coin, Hwab type None
312697 #312697 - Samarqand AE, Hwab of Samarqand. None
220386 #220386 - Samarqand AE, portrait/tamgha with sogd legend. None
274395 #274395 - Samarqand AE, Portrait/Tamgha with Sogd legend. None
126150 #126150 - Samarqand hwab's AE None
63676 #63676 - Samarqand Soghd, unusually huge AE coin. None
158873 #158873 - Samarqand, AE, portrait type 2, rev blank. None
153549 #153549 - Samarqand, AE, unknown ruler. None
163355 #163355 - Samarqand, AE, Unknown ruler. None
142567 #142567 - Samarqand, AE, unknown ruler/hwab. None
302220 #302220 - Samarqand, unknown ruler None
278747 #278747 - Soghdian AE seal, Samarqand None
320358 #320358 - Bukhara Soghd, AE coin, Double portrait None
236022 #236022 - Bukhara Soghd, AE coin, Double portrait, Unknown ruler. None
351040 #351040 - Bukhara Soghd, AE coin, Double portrait, Unknown ruler. None
176972 #176972 - Bukhara, AE, Pair portrait. None
236603 #236603 - Bukhara, AE, Pair portrait. None
13933 #13933 - Soghd (Bukhara?) AE. None
350832 #350832 - Bactria AR tetradrachm, Euthydemus I imitation. None
306110 #306110 - Bukhara AR tetradrachm, Euthydemos type. None
282275 #282275 - Bukhara AR tetradrachm, imitating Euthydemos I. None
122114 #122114 - Bukhara Soghd, AR tetradrachm, Euthydemos imitation with Greek legend. None
172464 #172464 - Bukhara, AR tetradrachm, Euthydemos-im. None
25552 #25552 - Bukhara, AR tetradrachm, Euthydemos-imitation? None
20180 #20180 - Bukhara, AR tetradrachm, Euthydemos-imitation. None
25546 #25546 - Bukhara, AR tetradrachm, Euthydemos-imitation. None
85917 #85917 - Bukhara, AR tetradrachm, Euthydemos-imitation. None
146687 #146687 - Bukhara, AR tetradrachm, Euthydemos-imitation. None
107113 #107113 - Bukhara, billon tetradrachm, Euthydemos imitation with Greek legend. None
209842 #209842 - Bukhara, fourree tetradrachm, Euthydemos imitation. None
15436 #15436 - Kingdom of Sogdiana, Euthydemos-imitation. None
217633 #217633 - Sogdiana AR Tetradrachm, Euthydemos I. None
158918 #158918 - Euthydemos-imitation with tamgha behind Herakles. None
115226 #115226 - Euthydemos-imitation with tamgha behind Herakles. None
111936 #111936 - Euthydemus imitation with Bukharan tamgha None
284669 #284669 - Bukhara AR tetradrachm, imitating Euthydemos I None
329044 #329044 - Bukhara AR tetradrachm, imitating Euthydemos I None
282276 #282276 - Bukhara AR tetradrachm, imitating Euthydemos I. None
131348 #131348 - Bukhara Soghd, AR tertradrachm, Euthydemos imitation None
122798 #122798 - Bukhara Soghd, AR tetradrachm, Euthydemos imitation None
179484 #179484 - Bukhara Soghd, AR tetradrachm, Euthydemos imitation. None
254493 #254493 - Bukhara, AE tetradrachm, Eutydemos, imitation None
99902 #99902 - Euthydemos AR tetradrachm, Bukhara, imitation None
217273 #217273 - Soghd, Bukhara, Euthydemos imitations None
217274 #217274 - Soghd, Bukhara, Euthydemos imitations None
217275 #217275 - Soghd, Bukhara, Euthydemos imitations None
217277 #217277 - Soghd, Bukhara, Euthydemos imitations None
207546 #207546 - AR/BI tetradrachm, Euthydemos-im. with soghdian caracters. None
20181 #20181 - Bukhara, AR tetradrachm, Euthydemos-im. None
25547 #25547 - Bukhara, AR tetradrachm, Euthydemos-imitation. None
258516 #258516 - BUKHARA: AR tetradrachm, Euthydemos imitation. None
95469 #95469 - Euthydemos imitations, Sogdian legends None
12961 #12961 - Sogdiana, king Hasa None
140448 #140448 - SOGHD, AR imitation of tetradrachmón of Euthydemos I., c 260–200/195 BC None
230663 #230663 - YUEZHI. AR Tetradrachm, Euthydemos-imitation, Anonymous. None
282277 #282277 - Bukhara AR tetradrachm, imitating Euthydemos I, parthian-style. None
299008 #299008 - Bukhara AR tetradrachm, imitating Euthydemos I. None
20182 #20182 - Bukhara, AR tetradrachm, Euthydemos-im. None
25419 #25419 - Bukhara, Ar tetradrachm, Euthydemos-im. None
32713 #32713 - Bukhara, Ar tetradrachm, Euthydemos-im. None
85915 #85915 - Bukhara, AR tetradrachm, Euthydemos-imitation. None
153550 #153550 - Bukhara, AR tetradrachm, Euthydemos-imitation. None
89357 #89357 - Bukhara. After 130 BC. AR Tetradrachm None
127951 #127951 - Bukharian Soghd, AR tetradrachm, Euthydemos-imitation. None
28496 #28496 - Euthydemos-imitation None
216420 #216420 - SOGDIANA. AR tetradrachm imitating the style of Euthydemos. None
310259 #310259 - Sogdiana. Bukhara AR tetradrachm imitating Euthydemos I None
304842 #304842 - Sogdiana. Yüeh-Chi AR tetradrachm, Euthydemos type. None
140438 #140438 - SOGHD, Bukhárá?, AR coin, c. 2nd-1st century BC None
141158 #141158 - SOGHD, Bukhárá?, AR coin, c. 2nd-1st century BC None
232118 #232118 - Yüeh Chi AR tetradrachm, Euthydemos type. None
184433 #184433 - YUEH CHI, AR tetradrachm, Anonymous. None
238858 #238858 - Yueh-Chi AR tetradrachm, Euthydemos-imitation. None
15437 #15437 - Yüeh-Chi principality in Sogdiana, Bukhara?. None
299294 #299294 - YüehChi AR tetradrachm, Euthydemos imitation type None
341893 #341893 - YüehChi AR tetradrachm, Imitating Euthydemos I None
299064 #299064 - YüehChi, Bukhara AR tetradrachm, Euthydemos-imitation. None
325182 #325182 - YüehChi, Bukhara AR Tetradrachm, imitating Euthydemos I of Baktria. None
184337 #184337 - YUEZHI, AR Tetradrachm, Anonymous. None
204907 #204907 - Yuezhi, AR tetradrachm, Euthydemos imitation, Sogdiana, 1st cent. BC None
204910 #204910 - Yuezhi, AR tetradrachm, Euthydemos imitation, Sogdiana, 1st cent. BC None
387548 #387548 - Bukhara, AR reduced drachm, "Hyrcod" None
305556 #305556 - Bukhara, Hyrcodes None
119666 #119666 - "Hircod", AR, portrait/soldier None
293957 #293957 - "Hircod", AR, portrait/soldier None
119688 #119688 - "Hircod", Small AE, portrait/soldier None
107652 #107652 - "Hircod", small AR, portrait/soldier. None
352890 #352890 - Bukhara AR hemidrachm, "Hyrcod" "Soldier" None
352891 #352891 - Bukhara AR hemidrachm, "Hyrcod" "Soldier" None
352892 #352892 - Bukhara AR hemidrachm, "Hyrcod" "Soldier" None
254490 #254490 - Bukhara AR hemidrachm, "Hyrcodes" » "Soldier" series None
254499 #254499 - Bukhara AR hemidrachm, Hyrcodes. None
313949 #313949 - Bukhara AR hemidrachm, Hyrkod None
254425 #254425 - Bukhara AR obol, "Hircod". None
299286 #299286 - Bukhara AR unit, "Hyrkod". None
387725 #387725 - Bukhara oasis, Hyrkod (Hyrcodes), AR unit, “Soldier” type (Sraosha), 1st–2nd century CE None
387723 #387723 - Bukhara oasis, late Hyrkod (Hyrcodes) imitation, small debased AR, portrait / Sraosha (“Soldier”), early 3rd century CE None
387970 #387970 - Bukhara Soghd AE coin, king Hirkod None
385839 #385839 - Bukhara Soghd AE coin, king Hirkod with soldier None
385840 #385840 - Bukhara Soghd AE coin, king Hirkod with soldier None
385841 #385841 - Bukhara Soghd AE coin, king Hirkod with soldier None
385842 #385842 - Bukhara Soghd AE coin, king Hirkod with soldier None
387585 #387585 - Bukhara Soghd AE coin, king Hirkod with soldier None
387586 #387586 - Bukhara Soghd AE coin, king Hirkod with soldier None
320363 #320363 - Bukhara Soghd AE coin, king Hirkod with soldier. None
20185 #20185 - Bukhara, AR coin, "Hirkod" None
21089 #21089 - Bukhara, AR coin, king "Hirkod" None
20184 #20184 - Bukhara, AR coin, king "Hirkod". None
117992 #117992 - Bukhara, Ar coin, king "Hirkod". None
309080 #309080 - Bukhara, AR drachm, king "Girkod" None
20183 #20183 - Bukhara, AR drachm, king "Hirkod". None
295234 #295234 - Bukhara, AR drachm, king "Hirkod". None
131351 #131351 - Bukhara, AR hemidrachm, king "Hyrkod" None
138512 #138512 - Bukhara, AR hemidrachm, king "Hyrkod" None
170234 #170234 - Bukhara, AR hemidrachm, king "Hyrkod" None
141161 #141161 - Bukhara, AR hemidrachm?, Hyrcodes. None
162352 #162352 - Bukhara, AR reduced drachm, "Hyrcod". None
164102 #164102 - Bukhara, AR, "Hyrcod", portrait / soldier. None
249346 #249346 - Bukhara, AR, Hyrcodes, Soldier type None
107653 #107653 - "Hircod" AR hemidrachm, portrait/horse. None
218912 #218912 - Bukhara AR Drachm, Hyrcodes, Horse Protome issue. None
313948 #313948 - Bukhara AR obol, Hyrkod. None
306259 #306259 - Bukhara Soghd AR coin, king Hirkod with horse at reverse. None
339632 #339632 - Bukhara Soghd AR hemidrachm, king Hirkod with horse None
312386 #312386 - Bukhara Soghd AR hemidrachm, king Hirkod with horse at reverse. None
110140 #110140 - Bukhara Soghd, hemidrachm, Hyrcodes with horse head. None
302874 #302874 - Bukhara, AR coin, None
20188 #20188 - Bukhara, AR coin, "Hirkod" None
20186 #20186 - Bukhara, AR coin, "Hirkod". None
20187 #20187 - Bukhara, AR coin, Hirkod-type. None
78644 #78644 - Bukhara, AR hemidrachm, "Hyrcodes" horse series. None
164101 #164101 - Bukhara, AR, "Hyrkod", portrait / horse. None
258517 #258517 - BUKHARA: AR hemidrachm, "Hyrkod". None
302875 #302875 - Obol of None
302876 #302876 - Obol of None
30362 #30362 - Obol of "Hirkod" with horse head None
304508 #304508 - Soghd, Bukhara, "Hyrcodes", "Horse" series None
256760 #256760 - Soghd, Bukhara, "Hyrcodes" None
217266 #217266 - Soghd, Bukhara, "Hyrcodes" horse series None
217271 #217271 - Soghd, Bukhara, "Hyrcodes" horse series None
1071 #1071 - Soghdiana, AR, Horse head None
376337 #376337 - Bukhara AR obol, Mawak. None
20190 #20190 - Bukhara, AE coin, ruler Mavak. None
254420 #254420 - Bukhara, AE, Mawak. None
99158 #99158 - Bukhara, AR coin, Mawak None
131350 #131350 - Bukhara, AR coin, Mawak None
20189 #20189 - Bukhara, AR coin, ruler Mavak? None
184454 #184454 - Bukhara, AR, Mawak. None
8180 #8180 - Bukhara, BI/AE obol, Mawak. None
288939 #288939 - Bukhara, Mawak, AR coin None
330224 #330224 - Bukharian Soghd, AR, Ruler Mawak or Mavak, circa 400-420 AD None
105999 #105999 - AE, Mawak None
209797 #209797 - Bukhara AE, Mawak. None
240152 #240152 - Bukhara AE, Mawak. None
253068 #253068 - Bukhara, "Mawak" None
135871 #135871 - Bukhara, AE, ruler "Mawak". None
114903 #114903 - Bukharian Soghd Ruler Mawak None
8173 #8173 - Bukharian Soghd Ruler Mawak, AE, 4-5 Ct AD None
127952 #127952 - Bukharian Soghd, AE, Ruler Mawak. None
202723 #202723 - Mawak, Western Soghd. None
329316 #329316 - Bukhara Soghd, AE, ruler Mawak, thunderbolt type None
387943 #387943 - Bukhara Soghd, AE, ruler Mawak, thunderbolt type None
245380 #245380 - Bukhara Soghd, AE, ruler Mawak, thunderbolt type. None
189363 #189363 - Bukhara, AE, Mavak, thunderbolt type. None
176971 #176971 - Bukhara, AE, Mawak. None
140964 #140964 - Bukhara, small AE, ruler Mawak. None
254500 #254500 - Soghd, Bukhara, "Mawak" None
125629 #125629 - AE. Asbar. Buxoro. None
148643 #148643 - AE. Asbar. Buxoro. None
14056 #14056 - Bukhara AE coin, Asbar None
339735 #339735 - Bukhara AE, Asbar. None
56596 #56596 - Bukhara Asbar None
56597 #56597 - Bukhara Asbar None
387583 #387583 - Bukhara Soghd, AE, ruler Asbar, ca. 5th–6th century AD. None
72483 #72483 - Bukhara Soghd, Ruler Asbar, 5-6Ct AD None
254483 #254483 - Bukhara, AE, "Asbar", restruck? None
183395 #183395 - Bukhara, AE, Asbar, struck on a coin of Kesh. None
160826 #160826 - Bukhara, AE, Asbar, struck over a Kesh coin. None
21134 #21134 - Bukhara, AE, Asbar. None
123688 #123688 - Bukhara, AE, Asbar. None
254424 #254424 - Bukhara, AE, Asbar. None
111721 #111721 - Bukhara, Asbar None
111722 #111722 - Bukhara, Asbar None
111723 #111723 - Bukhara, Asbar None
347681 #347681 - Bukhara, Asbar None
346166 #346166 - Bukhara, ruler Asbar None
346356 #346356 - Bukhara, ruler Asbar None
29611 #29611 - Bukhara, ruler Asbar. None
140488 #140488 - Bukhara: King Asbar (3rd - 6th CE) AE Drachm None
176583 #176583 - Bukhara. King Asbar None
306592 #306592 - Bukharian Soghd AE, Ruler Asbar. None
386639 #386639 - Central Asia, Soghd Asbar (Circa 5th-6th Century AD) AE Cash. None
353379 #353379 - Central Asia, Soghd, Bukhara, "Asbar" None
353380 #353380 - Central Asia, Soghd, Bukhara, "Asbar" None
353381 #353381 - Central Asia, Soghd, Bukhara, "Asbar" None
353382 #353382 - Central Asia, Soghd, Bukhara, "Asbar" None
353383 #353383 - Central Asia, Soghd, Bukhara, "Asbar" None
218186 #218186 - Central Asia, Soghd, Bukhara, "Asbar" None
269051 #269051 - Bukhar AE, Asbar, imitation? None
254481 #254481 - Bukhara AE, "Asbar", imitation. None
21135 #21135 - Bukhara, AE, Asbar-imitation. None
164087 #164087 - Bukhara, AE, Asbar, imitation. None
347680 #347680 - Bukhara, Asbar imitation None
298413 #298413 - AE Unit Bukhara, ruler Gathfar. None
142068 #142068 - Bukhara (?), AE, unknown ruler None
111726 #111726 - Bukhara AE coin None
45923 #45923 - Bukhara AE coin. None
266958 #266958 - Bukhara AE, anonymous. None
352183 #352183 - Bukhara AE, Head of ruler 3/4 left /firealtar None
209844 #209844 - Bukhara AE, Head of ruler 3/4 left /firealtar. None
254017 #254017 - Bukhara AE, unknown ruler None
224489 #224489 - Bukhara AE, Unknown ruler, Portrait. None
8110 #8110 - Bukhara AE, Unknown ruler. None
158849 #158849 - Bukhara AE, unknown ruler. None
201716 #201716 - Bukhara AE, unknown ruler. None
254479 #254479 - Bukhara AE, unknown ruler. None
309757 #309757 - Bukhara AE, unknown ruler. None
312447 #312447 - Bukhara AE, unknown ruler. None
360267 #360267 - Bukhara AE, unknown ruler. None
387829 #387829 - Bukhara AE, unknown ruler. None
214726 #214726 - Bukhara Soghd AE coin, Unknown ruler. None
214727 #214727 - Bukhara Soghd AE coin, Unknown ruler. None
222124 #222124 - Bukhara Soghd AE coin, Unknown ruler. None
320357 #320357 - Bukhara Soghd AE coin, Varakhsha, unknown ruler. None
215468 #215468 - Bukhara Soghd AE coin, Varakhsha, unknown ruler.- None
278075 #278075 - Bukhara Soghd, AE coin, Unknown ruler, Portrait. None
278080 #278080 - Bukhara Soghd, AE coin, Unknown ruler. None
307602 #307602 - Bukhara Soghd, AE coin, Unknown ruler. None
214728 #214728 - Bukhara Soghd, AE coin, Unknown ruler.- None
314387 #314387 - Bukhara Soghd, AE coin. Unknown ruler. None
192721 #192721 - Bukhara Soghd, AE, Head of ruler 3/4 left /tamgha. None
110148 #110148 - Bukhara Soghd, AE, Unknown ruler None
151763 #151763 - Bukhara Soghd, AE, Unknown ruler. None
151764 #151764 - Bukhara Soghd, AE, Unknown ruler. None
253224 #253224 - Bukhara Soghd, AE, unknown ruler. None
313014 #313014 - Bukhara Soghd, Portrait, Unknown ruler None
246787 #246787 - Bukhara soghd. AE, Unknown ruler, Portrait. None
20194 #20194 - Bukhara, AE coin, bust/ firealtar, Unknown ruler. None
20192 #20192 - Bukhara, AE coin, Unknown ruler (Asbar?) None
142067 #142067 - Bukhara, AE, unknown ruler. None
153241 #153241 - Bukhara, AE, unknown ruler. None
157933 #157933 - Bukhara, AE, unknown ruler. None
160835 #160835 - Bukhara, AE, unknown ruler. None
183396 #183396 - Bukhara, AE, unknown ruler. None
254027 #254027 - Bukhara, AE, unknown ruler. None
254485 #254485 - Bukhara, AE, unknown ruler. None
254960 #254960 - Bukhara, AE, unknown ruler. None
268883 #268883 - Bukhara, AE, unknown ruler. None
360266 #360266 - Bukhara, unknown ruler, small AE. None
216077 #216077 - BUKHARA: AE unit, Unknown ruler, obv with legend. None
119520 #119520 - Bukhara?, AE, bust/tamgha. None
8182 #8182 - Bukhara?, small AE, unknown ruler. None
148641 #148641 - Bukhara. Bust/tamgha. None
312076 #312076 - Bukhara. Unknown rulers None
312077 #312077 - Bukhara. Unknown rulers None
312078 #312078 - Bukhara. Unknown rulers None
8420 #8420 - Bukhara/Varakhsha AE, unknown ruler. None
246786 #246786 - Bukhara/Varakhsha AE, unknown ruler. None
306596 #306596 - Bukharian Soghd, AE, Portrait coin, None
247481 #247481 - Bukharian Soghd, AE, unknown ruler. None
304338 #304338 - Bukharian Soghd, Portrait AE coin, Unpublished type? None
155053 #155053 - Bukharian Soghd, Ruler Gatifar None
359399 #359399 - Central Asia AE coin None
45626 #45626 - Soghdiana, Kai-yuan tong-bao, rev. Bukhara tamgha None
76219 #76219 - Bukhara, AE, Kai-yuan tong-bao None
76220 #76220 - Bukhara, AE, Kai-yuan tong-bao None
219535 #219535 - Kai-yuan tong-bao, Central Asia imitation None
1066 #1066 - Soghdiana, Kai-yuan tong-bao, small, local Bukhara issue None
376300 #376300 - Bukhara AE cash, Unknown ruler, kai yuan tong bao type None
265419 #265419 - Bukhara AE cash, Unknown ruler, kai yuan tong bao type. None
361992 #361992 - Bukhara, Kai Yuan Tong Bao Imitation, 開元通寶 None
361993 #361993 - Bukhara, Kai Yuan Tong Bao Imitation, 開元通寶 None
229864 #229864 - Kai Yuan Tong Bao, Central Asia imitation None
259264 #259264 - Kai-yuan tong-bao 開元通寳 None
1062 #1062 - Soghdiana, Kai-yuan tong-bao, rev. top - Bukhara tamgha None
254421 #254421 - Bukhara imitation of the Chinese coin Kai Yuan Tong Bao None
157932 #157932 - Bukhara, AE Kai Yuan Tong Bao, with Bukharan tamgha. None
202566 #202566 - Bukhara, AE Kai Yuan Tong Bao, with Bukharan tamgha. None
260291 #260291 - Bukhara, AE 開元通寶 Kai Yuan Tong Bao, with Bukharan tamgha to right None
326639 #326639 - Bukharan Kaiyuan Tongbao, Rev. Right Tamgha None
214530 #214530 - Soghd, AE Kai Yuan Tong Bao, w. Bukhara tamgha to right None
1063 #1063 - Soghdiana, Kai-yuan tong-bao, rev. right - Bukhara tamgha None
1067 #1067 - Soghdiana, Kai-yuan tong-bao, rev. right - Bukhara tamgha None
1031 #1031 - Western Sogdiana - Sino-Bukharan issue None
69378 #69378 - Western Soghdiana, Kai-yuan tong-bao, with Bukhara tamgha at rev. None
71429 #71429 - Western Soghdiana, Kai-yuan tong-bao, with Bukhara tamgha at rev. None
254484 #254484 - Bukhara » Chinese type » Kai-yuan tong-bao 開元通寳 » Rev. bottom - tamgha None
254422 #254422 - Bukhara imitation of the Chinese coin Kai Yuan Tong Bao. None
161402 #161402 - Bukhara, AE Kai Yuan Tong Bao, with Bukharan tamgha None
254482 #254482 - Bukhara, Kai-yuan tong-bao 開元通寳, Rev. bottom - tamgha None
275599 #275599 - Kai-yuan tong-bao 開元通寳 None
76188 #76188 - Kai-yuan tong-bao, with Bukhara tamgha at rev. bottom None
123602 #123602 - Sogdiana Bukhara Kai-Yuan-Tong-Bai None
387721 #387721 - Sogdiana, Bukhara. Anonymous. Kai Yuan Tong Bao (開元通寳). Tamgha below. None
266157 #266157 - Soghd. Bukhara. None
1064 #1064 - Soghdiana, Kai-yuan tong-bao, rev. bottom - Bukhara tamgha None
229863 #229863 - Kai Yuan Tong Bao, Central Asia imitation None
332981 #332981 - Soghd AE cash, Kai-yuan tong-bao, rev. left - Bukhara tamgha None
1065 #1065 - Soghdiana, Kai-yuan tong-bao, rev. left - Bukhara tamgha None
43897 #43897 - Soghdiana, Kai-yuan tong-bao, rev. left - Bukhara tamgha None
299546 #299546 - Soghdiana, Kai-yuan tong-bao, rev. left - Bukhara tamgha None
223312 #223312 - Soghd, bronze Kai Yuan Tong Bao, rev. the same None
227514 #227514 - Soghd, bronze Kai Yuan Tong Bao, rev. the same None
253214 #253214 - "Camel" type None
46920 #46920 - AE from the Bukhara oasis. None
39569 #39569 - Bukhara AE coin with camel. None
254498 #254498 - Bukhara AE, Unknown ruler. Camel type. None
387599 #387599 - Bukhara AE, Unknown ruler. Camel type. None
312683 #312683 - Bukhara Soghd AE, Camel type with Soghd legend at reverse. None
353230 #353230 - Bukhara Soghd, AE Unknown ruler, Camel type None
222120 #222120 - Bukhara Soghd, AE Unknown ruler, Camel type. None
302881 #302881 - Bukhara Soghd, AE Unknown ruler, Camel type. None
131369 #131369 - Bukhara Soghd, Camel with soghd legend/Firealtar. New type. None
12934 #12934 - Bukhara, 7th cent. None
20198 #20198 - Bukhara, AE coin, Unknown ruler. None
143733 #143733 - Bukhara, AE, camel / firealtar. None
182570 #182570 - Bukhara, Camel/firealtar. None
176584 #176584 - Bukhara. Unknown ruler. Camel / firealtar None
3501 #3501 - Chach: Bukharan Oasis, Varakhshi None
106144 #106144 - AE facing bust / tamgha, Bukhara. None
262383 #262383 - Bukhara AE cash, Facing portrait/tamgha None
238852 #238852 - Bukhara AE cash, Facing portrait/tamgha. None
329856 #329856 - Bukhara AE small unit, anonymous. None
209840 #209840 - Bukhara AE, facing bust/firealtar. None
339640 #339640 - Bukhara AE, unknown ruler. None
383988 #383988 - Bukhara Soghd AE coin None
215466 #215466 - Bukhara Soghd AE coin, BukharKhudat. None
306547 #306547 - Bukhara Soghd, AE, Unknown ruler, Portrait: Bukhara tamgha. None
20201 #20201 - Bukhara, AE coin, Unknown ruler. None
20203 #20203 - Bukhara, AE coin, Unknown ruler. None
254480 #254480 - Bukhara, AE, facing bust/tamgha. None
155156 #155156 - Bukhara, AE, unknown ruler. None
302872 #302872 - Bukhara, AE, unknown ruler. None
219322 #219322 - Bukharian Soghd, 6-7 Ct AD, Portrait/Tamgha None
295775 #295775 - Bukhar Hudat BI drachm None
24153 #24153 - Bukhar Hudat drachm, contemporary forgery? None
186401 #186401 - Bukhar Khuda dirham None
377060 #377060 - Bukhar Khudat type. BI. drachm None
377061 #377061 - Bukhar Khudat type. BI. drachm None
377062 #377062 - Bukhar Khudat type. BI. drachm None
377063 #377063 - Bukhar Khudat type. BI. drachm None
377064 #377064 - Bukhar Khudat type. BI. drachm None
377066 #377066 - Bukhar Khudat type. BI. drachm None
377067 #377067 - Bukhar Khudat type. BI. drachm None
377092 #377092 - Bukhar Khudat type. BI. drachm None
377093 #377093 - Bukhar Khudat type. BI. drachm None
377094 #377094 - Bukhar Khudat type. BI. drachm None
377095 #377095 - Bukhar Khudat type. BI. drachm None
377096 #377096 - Bukhar Khudat type. BI. drachm None
377097 #377097 - Bukhar Khudat type. BI. drachm None
377098 #377098 - Bukhar Khudat type. BI. drachm None
377099 #377099 - Bukhar Khudat type. BI. drachm None
377100 #377100 - Bukhar Khudat type. BI. drachm None
377102 #377102 - Bukhar Khudat type. BI. drachm None
377103 #377103 - Bukhar Khudat type. BI. drachm None
377104 #377104 - Bukhar Khudat type. BI. drachm None
377105 #377105 - Bukhar Khudat type. BI. drachm None
377106 #377106 - Bukhar Khudat type. BI. drachm None
377107 #377107 - Bukhar Khudat type. BI. drachm None
377108 #377108 - Bukhar Khudat type. BI. drachm None
377109 #377109 - Bukhar Khudat type. BI. drachm None
377110 #377110 - Bukhar Khudat type. BI. drachm None
377111 #377111 - Bukhar Khudat type. BI. drachm None
377112 #377112 - Bukhar Khudat type. BI. drachm None
377113 #377113 - Bukhar Khudat type. BI. drachm None
377114 #377114 - Bukhar Khudat type. BI. drachm None
377115 #377115 - Bukhar Khudat type. BI. drachm None
377116 #377116 - Bukhar Khudat type. BI. drachm None
377117 #377117 - Bukhar Khudat type. BI. drachm None
377118 #377118 - Bukhar Khudat type. BI. drachm None
257130 #257130 - "Bukhar Khudat" type None
260619 #260619 - "Bukhar Khudat" type. None
192396 #192396 - Bukhar Khudat AR drachm None
258360 #258360 - Bukhar Khudat AR drachm None
254681 #254681 - Bukhar Khudat" type Drachms with Soghdian legend only None
230305 #230305 - Merv AR drachm, Varahran V, Bukharan countermark. None
35180 #35180 - Varhran V AR drachm, (Merv) / imitation, Bukharan c/m, 7th Cent. None
18136 #18136 - Bukhar Khudat, early AR drachm, ornamental type, c/m, 7th Cent. None
16556 #16556 - Soghd, Bukhárá, AR drahm None
308727 #308727 - Merv AR drachm, Varahran V, Bukharan countermark. None
164057 #164057 - Merv AR drachm, Varhran (Bahram) V. None
7338 #7338 - Varahran V AR drachm, Marw, Bukharan countermark None
383978 #383978 - Varahran V, AR drachm, Marw, Bukharan countermark None
26797 #26797 - Varhran V AR drachm, Merv. None
20983 #20983 - Varhran V AR drachm, Merv. Bukharan countermark None
317328 #317328 - Bukhar Khuda AR drachm, early type with legend behind bust, Bukharan countermark. None
136871 #136871 - Bukhar Khudat, Ar drachm. None
173493 #173493 - Bukhara AR drachm, Bukhar Khuda Khunak, short legend, tamgha cm. None
367371 #367371 - Bukhara AR drachm, Khunak None
215593 #215593 - Bukhara AR drachm, Khunak. None
17990 #17990 - Bukhara AR drahm, Great King Khunak c. 690-707 AD None
32465 #32465 - Bukhara AR drachm, Toghshada, with Bukharan c/m None
179177 #179177 - Bukhara, AR drachm, Toghshada, two countermarks. None
180676 #180676 - Bukhara, AR drachm, Toghshada. None
220855 #220855 - Soghd, Bukhar Khudat type AR Drachm, temp: Toghshada, countermark. None
11030 #11030 - Bukhar Hudat AR dirham, "Mug type". None
11132 #11132 - Bukhar Hudat AR dirham, "Mug type". None
42058 #42058 - Bukhar Hudat AR drachm None
138513 #138513 - Bukhar Hudat AR drachm, unusual design None
95466 #95466 - Bukhar Khuda drachm None
95465 #95465 - Bukhar Khuda drachm, large flan. None
95462 #95462 - Bukhar Khuda drachm, large type. None
180683 #180683 - Bukhar Khuda Mug-drachm, Samarqand. None
387679 #387679 - Bukhar Khuda type, so called "Mug drachm" None
357723 #357723 - Bukhar Khudat Dynasty, AR drachm, Samarqand "Mug" type None
10254 #10254 - Bukharhudats AR drachm None
7339 #7339 - Lord King of Bukhara - Bukhar Khudat None
321637 #321637 - Samarkand, AR-mug drachma, anonymous, 8th century. None
28952 #28952 - Samarqand "Mug" drachm, anonymous. None
281963 #281963 - Samarqand AR "mug" drachm, Bukharakhudat type. None
309771 #309771 - Samarqand AR drachm, "Mug drachm". None
179176 #179176 - Samarqand, "Bukhar Hudat" AR drachm, early Mug type. None
172243 #172243 - Samarqand, "Mug" drachm, anonymous. None
16740 #16740 - Samarqand, AR Mug drachm, anonymous, 8th Cent. None
17992 #17992 - Samarqand, AR Mug drachm, anonymous, 8th Cent. None
17993 #17993 - Samarqand, AR Mug drachm, anonymous, 8th Cent. None
17997 #17997 - Samarqand, AR Mug drachm, anonymous, 8th Cent. None
20452 #20452 - Samarqand, AR Mug drachm, anonymous, 8th Cent. None
16739 #16739 - Samarqand, AR Mug-drachm, anonymous, 8th Cent. None
82766 #82766 - SOGDIANA: Anonymous, ca. 700-730, AR 'mug' drachm. None
73917 #73917 - "Mug drachm" with two countermarks. None
74219 #74219 - "Mug drachm", countermark with 2 Soghdian letters. None
16741 #16741 - AR, drahm, anonymous, with c/m None
16742 #16742 - AR, drahm, anonymous, with c/m None
16743 #16743 - AR, drahm, anonymous, with c/m None
69489 #69489 - Bukhar Hudat AR drachm, cm "S"-tamgha. None
69488 #69488 - Bukhar Hudat AR drachm, cm triskele. None
69490 #69490 - Bukhar Hudat AR drachm, countermaked None
339704 #339704 - Bukhar Khuda AR drachm, with countermark triskele. None
72948 #72948 - Bukhar Khuda drachm, with countermark. None
72949 #72949 - Bukhar Khuda drachm, with triskele cm. None
182082 #182082 - Bukhar Khuda Mug type drachm, countermark triskele. None
20038 #20038 - Bukhar Khudat type AR, "S" countermark. None
20039 #20039 - Bukhar Khudat type AR, "triskele" countermark. None
20041 #20041 - Bukhar Khudat type Ar, unknown countermark. None
20040 #20040 - Bukhar Khudat type Ar, unknown tamgha? countermark. None
189005 #189005 - Samarqand, Mug drachm, cm 118. None
189006 #189006 - Samarqand, Mug drachm, cm 173. None
189004 #189004 - Samarqand, Mug drachm, cm 174. None
387833 #387833 - Samarqand, Mug drachm, countermark None
189001 #189001 - Samarqand, Mug drachm, countermark 118. None
189002 #189002 - Samarqand, Mug drachm, countermark 173. None
189000 #189000 - Samarqand, Mug drachm, countermark 174. None
152976 #152976 - AR Bukharhudat Turghar. None
339534 #339534 - Bukhar Khuda type, AR drachm, Turgar. None
209824 #209824 - Bukhara AR drachm, Turgar. None
238424 #238424 - Bukharhudat AR drachm, Turgar (Turghar) None
73877 #73877 - Bukharhudat AR drachm, Turghar, broad flan. None
73876 #73876 - Bukharhudat AR drachm, Turghar. None
11614 #11614 - Bukharhudat AR drachm, with name Turghar None
346868 #346868 - Samarkand Soghd, AR Bukharhudat Turghar. None
240147 #240147 - “Bukhar Hudat” AR drachm, Anonymous, Ahura Mazda facing left. None
266705 #266705 - "Bukhar Khudat" type None
16790 #16790 - AR, drahm, anonymous, 8th Cent. None
16791 #16791 - AR, drahm, anonymous, 8th Cent. None
17926 #17926 - AR, drahm, anonymous, mid-8th Cent. None
106185 #106185 - Bukhar Khuda drachm, Ahura Mazda to the left. None
275720 #275720 - Bukhar Khudat AR drachm, circle above bust. None
275716 #275716 - Bukhar Khudat AR drachm, crescent above bust. None
74229 #74229 - Bukhar Khudat AR drachm, with Ahuramazda at left. None
121670 #121670 - Bukhar Khudat type AR drachm, anonymous None
101954 #101954 - Bukhar Khudat type AR drachm, anonymous. None
278735 #278735 - Bukhar Khudat type AR drachm, anonymous. None
278736 #278736 - Bukhar Khudat type AR drachm, anonymous. None
387834 #387834 - Bukhar Khudat type AR drachm, anonymous. None
387944 #387944 - Bukhar Khudat type AR drachm, anonymous. None
20043 #20043 - Bukhar Khudat type AR, Ahura Mazda facing LEFT. None
21137 #21137 - Bukhar Khudat, AR drachm. None
42930 #42930 - Bukhar Khudat, AR drachm. None
60963 #60963 - Bukhar-khudat None
283064 #283064 - Bukhara AR drachm, Bukhar Khuda type, Ahuramazda to the left. None
304343 #304343 - Bukhara AR drachm, Bukhar Khuda type, left portrait on firealtar. None
238853 #238853 - Bukhara AR drachm, Bukhar Khuda type. None
258518 #258518 - BUKHARA: AR drachm, Bukharkhudat series None
271906 #271906 - BUKHARA: AR drachm, Bukharkhudat series, circle above bust. None
10301 #10301 - Bukharhudat None
89116 #89116 - Bukharhudat AR drachm None
204920 #204920 - Bukharkhudat, 8th cent., AR drachm, NM, ND None
38427 #38427 - Soghd, Anonymous "Bukhar Khudat" Ar drachm. None
38428 #38428 - Soghd, Anonymous "Bukhar Khudat" Ar drachm. None
213823 #213823 - Soghd, AR drachm, "Bukhar Khudat". None
16687 #16687 - Soghd, Bukhárá, AR drahm None
16688 #16688 - Soghd, Bukhárá, AR drahm None
20454 #20454 - Soghd, Bukhárá, AR drahm None
20455 #20455 - Soghd, Bukhárá, AR drahm None
324643 #324643 - "Bukhar Hudat". al-Mahdi. None
324644 #324644 - "Bukhar Hudat". al-Mahdi. None
295020 #295020 - "Bukhar Hudat". al-Mahdi. None
357587 #357587 - Bukharhuda AR dirham, al-Mahdi None
298824 #298824 - Bukharhuda billon dirham, al-Mahdi None
298825 #298825 - Bukharhuda billon dirham, al-Mahdi None
20042 #20042 - Bukhar Khudat type AR, countermark: "ja'iz". None
125552 #125552 - AR, drachm, w/ name of abu Da`ud Khalid b. Ibrahim, 137-140 AH None
159218 #159218 - AR, drachm, w/ name of abu Da`ud Khalid b. Ibrahim, 137-140 AH None
223523 #223523 - AR, drachm, w/ name of abu Da`ud Khalid b. Ibrahim, 137-140 AH None
18103 #18103 - AR, drahm, w/ name of abú Dá`úd Khálid b. Ibráhím, 755-57/ 137-140 AH None
16686 #16686 - AR, drahm, w/ name of abú Dá`úd Khálid b. Ibráhím, 755-57/ 137-140 h. None
346869 #346869 - Bukhara AR drachm, Abbasid governor Khalid. None
68466 #68466 - “Bukhar-Hudat” type BI Drachm, "Mohammad". None
16689 #16689 - AR, drahm, with name of Muhammad None
18104 #18104 - AR, drahm, with name of Muhammad None
20659 #20659 - AR, drahm, with name of Muhammad None
275541 #275541 - AR, drahm, with name of Muhammad None
275542 #275542 - AR, drahm, with name of Muhammad None
276919 #276919 - AR, drahm, with name of Muhammad None
304329 #304329 - Bukhar Khuda type billon dirham, Mohammad. None
47016 #47016 - Bukharhudat AR drachm, Muhammad. None
381474 #381474 - "Bukhar Hudat". al-Mahdi None
302429 #302429 - "Bukhar Hudat". al-Mahdi. None
302430 #302430 - "Bukhar Hudat". al-Mahdi. None
303164 #303164 - "Bukhar Hudat". al-Mahdi. None
303492 #303492 - "Bukhar Hudat". al-Mahdi. None
306930 #306930 - "Bukhar Hudat". al-Mahdi. None
306931 #306931 - "Bukhar Hudat". al-Mahdi. None
306932 #306932 - "Bukhar Hudat". al-Mahdi. None
307788 #307788 - "Bukhar Hudat". al-Mahdi. None
313700 #313700 - "Bukhar Hudat". al-Mahdi. None
322953 #322953 - "Bukhar Hudat". al-Mahdi. None
291391 #291391 - "Bukhar Hudat" drachm, al-Mahdi None
291020 #291020 - "Bukhar Hudat" type AR drachm, al-Mahdi None
99808 #99808 - "Bukhar Hudat" type AR drachm, al-Mahdi. None
291578 #291578 - "Bukhar Hudat". al-Mahdi. None
292823 #292823 - "Bukhar Hudat". al-Mahdi. None
292926 #292926 - "Bukhar Hudat". al-Mahdi. None
293398 #293398 - "Bukhar Hudat". al-Mahdi. None
293704 #293704 - "Bukhar Hudat". al-Mahdi. None
293705 #293705 - "Bukhar Hudat". al-Mahdi. None
293931 #293931 - "Bukhar Hudat". al-Mahdi. None
17887 #17887 - AR (debased) / billon dirham ghiṭrífí, (Bukhárá - بخارا), date? None
275543 #275543 - AR (debased) / billon dirham ghiṭrífí, (Bukhárá - بخارا), date? None
275544 #275544 - AR (debased) / billon dirham ghiṭrífí, (Bukhárá - بخارا), date? None
16690 #16690 - AR, drahm, with name of al-Mahdí None
18105 #18105 - AR, drahm, with name of al-Mahdí None
27005 #27005 - AR, drahm, with name of al-Mahdí None
215220 #215220 - Bukhar Khuda AR dirham, al-Mahdi, Bukhara None
317417 #317417 - Bukhar Khuda AR Dirham, al-Mahdi, Bukhara None
348278 #348278 - Bukhar Khuda AR dirham, al-Mahdi. None
203864 #203864 - Bukhar Khuda dirhams, countermarks None
284835 #284835 - Bukhar Khuda type, al-Mahdi None
172965 #172965 - Bukhar Khuda type, caliph al-Mahdi None
374904 #374904 - Bukhar Khudat BI drachm, al-Mahdi. None
313069 #313069 - Bukhara AR drachm, Bukhar Khuda type, al-Mahdi. None
243108 #243108 - Bukharhuda AR dirham, al-Mahdi None
290898 #290898 - "Bukhar Hudat" type AR drachm, al-Mahdi None
46693 #46693 - AR, drachm, with name of al-Mahdí None
46694 #46694 - AR, drachm, with name of al-Mahdí None
41634 #41634 - Billon drachm, with name of al-Mahdi. None
99813 #99813 - Bukhar Hudat drachm, al-Mahdi None
125371 #125371 - Bukhar Hudat drachm, al-Mahdi, with "Bakh Bakh" None
377065 #377065 - Bukhar Khudat type. BI. drachm None
377101 #377101 - Bukhar Khudat type. BI. drachm None
310337 #310337 - Bukhara billon drachm, al-Mahdi with Bah, Bah. None
182108 #182108 - Bukharhudat, al-Mahdi, Bakh Bakh. None
293706 #293706 - Bukharhudat, al-Mahdi, Bakh Bakh. None
301722 #301722 - Bukharhudat, al-Mahdi, Bakh Bakh. None
302431 #302431 - Bukharhudat, al-Mahdi, Bakh Bakh. None
302432 #302432 - Bukharhudat, al-Mahdi, Bakh Bakh. None
303493 #303493 - Bukharhudat, al-Mahdi, Bakh Bakh. None
353415 #353415 - Bukharkhuda dirham, al Mahdi, Bakh Bakh None
281964 #281964 - BukharKhudat AR drachm, al-Mahdi, Bah Bah type. None
30471 #30471 - "Bukhar Hudat" billon drachm None
67704 #67704 - "Bukhar Hudat" billon drachm, al-Mahdi? None
236357 #236357 - "Bukhar Hudat" billon drachm, al-Mahdi? None
291021 #291021 - "Bukhar Hudat" type AR drachm, al-Mahdi None
16691 #16691 - AR (debased) / billon dirham ghiṭrífí, (Bukhárá - بخارا), date? None
16694 #16694 - AR (debased) / billon dirham ghiṭrífí, (Bukhárá - بخارا), date? None
17919 #17919 - AR (debased) / billon dirham ghiṭrífí, (Bukhárá - بخارا), date? None
17922 #17922 - AR (debased) / billon dirham ghiṭrífí, (Bukhárá - بخارا), date? None
18112 #18112 - AR (debased) / billon dirham ghiṭrífí, (Bukhárá - بخارا), date? None
92221 #92221 - Ar drachm/dirhem, al-Mahdi imitation. None
46695 #46695 - AR, drachm, with name of al-Mahdi None
204923 #204923 - Arab-Bhukaran, al-Mahdi, the 'Abasid caliph, AR drachm None
371179 #371179 - Arab-Bukharan, al-Mahdi posthumous BI drachm/dirham None
204921 #204921 - Arab-Bukharan, al-Mahdi, billon 'ghitriffi' dirham, 8th cent. None
57254 #57254 - Bi dirham, with name of al-Mahdí None
66445 #66445 - Bi dirham, with name of al-Mahdí None
66449 #66449 - Bi dirham, with name of al-Mahdí None
155546 #155546 - Bi dirham, with name of al-Mahdí None
22188 #22188 - Bill dirham, with name of al-Mahdí None
16692 #16692 - Bill dirham, with name of al-Mahdí, variant w/ bakh bakh None
18121 #18121 - Bill dirham, with name of al-Mahdí, variant w/ bakh bakh None
20660 #20660 - Bill dirham, with name of al-Mahdí, variant w/ bakh bakh None
225932 #225932 - Bukhar Hudat AE dirham, al-Mahdi None
137507 #137507 - Bukhar Hudat BI dirham None
245449 #245449 - Bukhar Hudat dirham, with name of al-Mahdi None
81659 #81659 - Bukhar Hudat dirham, with name of al-Mahdi, variant with 3 dots None
86406 #86406 - Bukhar Hudat drachm, al-Mahdi None
86407 #86407 - Bukhar Hudat drachm, al-Mahdi None
20106 #20106 - Bukhar Hudat type AE drachm with arabic "al-Mahdi" None
161717 #161717 - Bukhar Hudat, al-Mahdi. None
97657 #97657 - Bukhar Khuda AE drachm, al-Mahdi or imitation? None
186337 #186337 - Bukhar Khuda dirham, al-Mahdi None
186396 #186396 - Bukhar Khuda dirham, al-Mahdi. None
186399 #186399 - Bukhar Khuda dirham, al-Mahdi. None
259220 #259220 - Bukhar Khudat AR dirham None
92024 #92024 - Bukhar Khudat, Al-Mahdi None
195416 #195416 - AR Dirham None
18107 #18107 - AR, drahm, with names of al-Mahdí and al-Fadl None
18137 #18137 - Bukhar Khudat type AR, al-Mahdí; al-Fadl; li-Láh, AD 775-785. None
41265 #41265 - Bukharkhudat type AR drahm, with names of al-Mahdi and al-Fadl None
18132 #18132 - Bukhar Khudat type AR, Músá; al-Hádí, 785-786/ 169-170 AH None
18110 #18110 - AR, drahm, with "mahdiyyat al-khalífah/li-l-khalífah Harún" None
125553 #125553 - Bukharhudat AR drachm, Harun None
48598 #48598 - Bukharhudat AR drachm, Harun. None
339635 #339635 - ''Bukhar Khudat'' dirham, Harun (ar-Rashid) and Jaʿfar. None
11520 #11520 - AR drachm, w/ names Harun (ar-Rashid) and Jaʿfar None
75326 #75326 - AR drachm/dirhem, khalifa Harun + Jafar. None
18147 #18147 - Bukhar Khudat type AR, al-Khalifah/li-l-Khalifah Harun; Jaʿfar, 786-809 None
221874 #221874 - Bukharhudat AR dirham, Harun al-Rashid + Jafar b. Muhammad. None
117759 #117759 - Bukhar Khudat type AR drachm, with name of 'Ali. None
221876 #221876 - Bukharhuda AR dirham, Ali b. Isa. None
376913 #376913 - Bukhar Khudat type. BI. drachm None
376914 #376914 - Bukhar Khudat type. BI. drachm None
376915 #376915 - Bukhar Khudat type. BI. drachm None
376916 #376916 - Bukhar Khudat type. BI. drachm None
376917 #376917 - Bukhar Khudat type. BI. drachm None
376918 #376918 - Bukhar Khudat type. BI. drachm None
17995 #17995 - AR drahm / dirham, (Bukhárá), with names of `Alí (b. `Ísá b. Mahan) & Sulaymán (b. Hamíd al-Azdí) None
46689 #46689 - AR, drachm, with name of al-Amín None
46690 #46690 - AR, drachm, with name of al-Amín None
46691 #46691 - AR, drachm, with name of al-Amín None
46692 #46692 - AR, drachm, with name of al-Amín None
16693 #16693 - AR, drahm, with name of al-Amín None
17927 #17927 - AR, drahm, with name of al-Amín None
17996 #17996 - AR, drahm, with name of al-Amín None
71090 #71090 - AR,drachm,with the name of al-Amin None
113508 #113508 - Arab-Bukharan al-Amin 809-13AD Silver Drachm None
204919 #204919 - Arab-Bukharan, al-Amin, governor of Khorasan, Billon drachm None
204922 #204922 - Arab-Bukharan, al-Amin, governor of Khorasan, Billon drachm None
21367 #21367 - Bukhar khudat type None
291383 #291383 - Bukhar Khudat, al-Amín, governor of Khorasan, AR drachm None
258372 #258372 - Bukhara AE dirham, al-Amin, governor of Khorasan. None
7082 #7082 - Bukharhudats billon drachm, Arabic legend None
7080 #7080 - Bukharhudats billon drachm, Arabic legend, al-Amin, AD 809-815 None
213026 #213026 - Bulhara AR dirham, al-Amin, Bukhar Khuda type. None
79352 #79352 - Caliph al-Amin, Abbasid imitation of Bukharian drachm None
313410 #313410 - Soghd,Bukhar Khudat type, Arab legend None
332190 #332190 - ʿAlī [ibn ʿĪsā ibn Māhān], governor of Khorasan (AH 187-191 / AD 803-807) None
374993 #374993 - ʿAlī [ibn ʿĪsā ibn Māhān], governor of Khorasan (AH 187-191 / AD 803-807) None
387593 #387593 - ʿAlī [ibn ʿĪsā ibn Māhān], governor of Khorasan (AH 187-191 / AD 803-807) None
387675 #387675 - ʿAlī [ibn ʿĪsā ibn Māhān], governor of Khorasan (AH 187-191 / AD 803-807) None
387678 #387678 - ʿAlī [ibn ʿĪsā ibn Māhān], governor of Khorasan (AH 187-191 / AD 803-807) None
328337 #328337 - "Bukhar Khudat" type, Arabic legend None
387592 #387592 - Bukhar Khudat AR drachm, With title al-Muayid al-'Adl ... None
170299 #170299 - Billon dirham, with title al-Khaqan al-A'zam. None
290985 #290985 - Bukhar Khudat AR dirham, al-Khaqan al-A´zam None
18133 #18133 - Bukhar khudat type AR, "al-Khaqan al-A´zam. None
105761 #105761 - Bukhar khudat type AR, al-Khaqan al-A´zam None
106228 #106228 - AE with two tamghas, cross and sogd legend, Paykend None
267114 #267114 - Bukhara Sogd, AE cash, Paikend None
219561 #219561 - Bukhara Sogd, Paikend city, unknown ruler None
388660 #388660 - Bukhara Sogd. Paikend (?). Type 2, two Bukharan tamghas. None
306499 #306499 - Bukhara, Paykend, two tamghas type None
385196 #385196 - Bukhara, Paykend, two tamghas type None
142559 #142559 - Bukhara/Paikend, AE, unknown ruler. None
254501 #254501 - Bukhara/Paykend AE, two tamghas type. None
302497 #302497 - Bukhara/Paykend AE, two tamghas type. None
253080 #253080 - Central Asia » Soghd » Bukhara None
253082 #253082 - Central Asia » Soghd » Bukhara None
20047 #20047 - Paikend None
30858 #30858 - Paikend city, cash-type AE coin. None
134207 #134207 - Paikend, AE, anonymous. None
186418 #186418 - Sogdiana, Bukhara, Paikend, small cash coin, 640-790 None
386015 #386015 - Soghd Bukhara Paikend Two Bukharan tamghas None
262379 #262379 - Soghd, Paikend None
266158 #266158 - Soghd. Bukhara. Paikend None
1068 #1068 - Soghdiana, Bukhara type None
3396 #3396 - Western Sogdiana: Paikend None
253076 #253076 - Central Asia » Soghd » Bukhara, Paikand None
31594 #31594 - Paikend city, cash-type AE coin. None
13748 #13748 - Sogdiana, Bukhara (Paikend), AD 640-708. None
262380 #262380 - Soghd. Bukhara. Paikend None
253077 #253077 - Central Asia » Soghd » Bukhara, Paikand None
253215 #253215 - Paikend None
256207 #256207 - Paikend None
285952 #285952 - PAIKEND: AE cash, Anonymous with Chinese yuan. None
63496 #63496 - Paykend cash-like coin, with ONE cross at rev. None
175722 #175722 - Sogdiana, Bukhara (Paikend), AD 640-708. None
289243 #289243 - Soghd. Bukhara. Paikend None
302877 #302877 - Soghd. Bukhara. Paikend None
20199 #20199 - Bukhara, AE cash style coin, Unknown ruler. None
253083 #253083 - Central Asia, Soghd, Bukhara None
261941 #261941 - Paikend None
299288 #299288 - Paikend AE cash type, Anonymous. None
60328 #60328 - Paykend cash-like coin, with two crosses. None
8178 #8178 - Paykend, AE cash type. None
257580 #257580 - Paikend, "Dancing man" tamgha None
203063 #203063 - Paikend, AE, "Sogd ?/arab legend?" None
162844 #162844 - Paykend, "120 to a dirhem" None
246078 #246078 - Altered Paykend "Dancing Mean" None
296671 #296671 - Bukhara Soghd, AE coin, Paykend, dancing man tamgha None
20206 #20206 - Bukhara-City of Paikend, unknown AE. None
327289 #327289 - Bukhara, Soghd, AE unit, Paykend, dancing man tamgha None
378547 #378547 - Central Asia, Bukhara-City of Paykend, anonymous (Circa 709-750 AD) AE Cash. None
348967 #348967 - Paikend AE, dancing man tamgha. None
215241 #215241 - Paikend AE, portrait / "dancing man" tamgha. None
12935 #12935 - Paikend in the Bukhara oasis, about AD 700. None
253213 #253213 - Paikend, "Dancing man" tamgha None
126151 #126151 - Paykend city AE None
126152 #126152 - Paykend city AE None
9857 #9857 - Paykend, facing portrait / "dancing man" tamgha. None
319238 #319238 - Paikend AE with 'dancing man' tamgha. None
331733 #331733 - Paykend AE, 120 in dirhem, Dancing man tamgha. None
258157 #258157 - Soghd, Paykent, Dancing man tamgha - arab legend 1/120 dirhem Smirnova#1674 None
329858 #329858 - Paikend AE fals, "dancing man" tamgha. None
227970 #227970 - Paykent, NM, ND, Dancing Man, "No Allah no Associate of him" None
20207 #20207 - Bukhara-City of Paikend, Unknown AE. None
378313 #378313 - Central Asia, Bukhara, Soghd, AE unit, Paykend, tamgha/Arabic legend None
29610 #29610 - Paikend city None
142560 #142560 - Paikend, AE, "dancing man tamgha/arab legend". None
312690 #312690 - Paykend, AE, dancing man tamgha. None
334574 #334574 - Bukhara Sogd, Vardanzi, AE, lion/cross. None
211749 #211749 - Bukhara Soghd , Vardanzi, AE, lion / cross. None
320356 #320356 - Bukhara Soghd, AE coin,Vardanzi with Nestorian cross. None
20208 #20208 - Bukhara-City of Vardana, AE coin, unknown ruler. None
21631 #21631 - Bukhara, AE coin, Unknown ruler None
306595 #306595 - Bukharian Soghd AE, City Vardanzi. None
309766 #309766 - Bukharian Soghd, City Wardanzi, AE, Lion/Cross. None
284175 #284175 - Soghd, Vardana, AE, Lion / Nestorian cross None
205136 #205136 - Soghd?, small AE, Nestorian Cross. None
126144 #126144 - Vardana city AE None
168731 #168731 - Vardana, AE, Lion / Nestorian cross. None
49952 #49952 - Vardanzi (?) AE coin with deer and Nestorian cross. None
30479 #30479 - Vardanzi (?) AE coin with Nestorian cross. None
312682 #312682 - Vardanzi AE, lion left/Nestorian cross. None
215284 #215284 - Vardanzi AE, Unknown ruler, Nestorian cross at the Rev. None
182100 #182100 - Vardanzi, AE, portrait/cross. None
146688 #146688 - Vardanzi, AE, Unknown ruler, Nestorian cross on rev. None
260412 #260412 - New type of Soghdian coin?? None
356279 #356279 - Western Sogd, Bukhara. Unearthed in Bukhara oasis None
22117 #22117 - Soghd, AR obol, Unknown ruler. None
56504 #56504 - Kesh ? AE coin None
202952 #202952 - NAKHSHAB, AR unit, Alexander-type. None
376333 #376333 - Principality of Kesh, AR obol, imitating Alexander 'the Great'. None
7526 #7526 - Soghdiana AR coin, sitting Zeus None
20067 #20067 - South Soghd, AR drachm?, Alexander-imitation. None
322141 #322141 - South Soghd, AR hemidrachm, imitation of Alexander the Great None
329091 #329091 - South Soghd, AR hemidrachm, imitation of Alexander the Great None
85905 #85905 - South Soghd, imitation of Alexander AR drachm. None
194302 #194302 - South Soghd, imitation of Alexander AR drachm. None
351001 #351001 - Kesh AR hemidrachm, Pseigacharis. None
376335 #376335 - Principality of Kesh, AR hemiobol, Phseigacharis. None
131349 #131349 - South Sogd, AR hemidrachm, Phseigacharis None
50226 #50226 - South Sogd, AR hemidrachm, Phseigacharis. None
69712 #69712 - South Sogd, AR hemidrachm, Phseigacharis. None
101229 #101229 - South Sogd, AR hemidrachm, Phseigacharis. None
35294 #35294 - South Sogd, AR hemidrachm, Pseigacharis. None
228938 #228938 - South Sogd, AR obol, Phseigacharis. None
70347 #70347 - South Sogd.Ar hemidrachm.Pseigacharis None
20068 #20068 - South Soghd, AR hemidrachm, Phseigacharis. None
339461 #339461 - Kesh AR obol, Hercules/Zeus. None
387611 #387611 - Kesh AR obol, Hercules/Zeus. None
376336 #376336 - Principality of Kesh, AR obol, Wanwan or Wanun (?) None
279193 #279193 - South Sogdiana, Kesh, AR Obol, Zeus /Heracles None
304188 #304188 - South Soghd, AR obol, Zeus and Heracles. None
329092 #329092 - South Soghd, AR obol, Zeus and Heracles. None
83144 #83144 - South Soghd, AR obol. None
232039 #232039 - South Soghd, Kesh, AR Obol, Zeus /Hercules. None
25694 #25694 - South Soghd, Zeus and Heracles AR obol None
34949 #34949 - South Soghd, Zeus and Heracles AR obol None
217264 #217264 - South Soghd, Zeus and Heracles AR obol None
1141 #1141 - South-Sogdiana, AR, Zeus-Heracles coin None
20987 #20987 - South-Sogdiana, AR, Zeus-Heracles coin None
20988 #20988 - South-Sogdiana, AR, Zeus-Heracles coin None
300988 #300988 - Kashkadarya Soghd AE, Akhurpat None
331731 #331731 - Kesh AE, Akhurpat, King of Kesh. None
329120 #329120 - Central Asia, South Soghd, AE unit, Akhurpat, King of Kesh None
385905 #385905 - Central Asia, South Soghd, AE unit, Akhurpat, King of Kesh None
387649 #387649 - Central Asia, South Soghd, AE unit, Akhurpat, King of Kesh None
273503 #273503 - Kesh AE, king Akhurpat. None
50163 #50163 - Kesh, AE, Akhurpat, triskele in circles. None
50164 #50164 - Kesh, AE, Akhurpat, triskele within circles. None
43172 #43172 - South Sogd - Kesh, AE, Akhurpat, triskele in circle. None
20045 #20045 - South Soghd - Kesh, AE Akhurpat, triskele in circles. None
131269 #131269 - South Soghd, AE, Ahurpat the King of Kesh. None
219919 #219919 - Kashkadarya Soghd AE , Ahurpat. None
219920 #219920 - Kashkadarya Soghd AE , Ahurpat. None
3397 #3397 - Kesh, AE, Akhurpat, triskele in triangle. None
146689 #146689 - South Soghd, AE, Ahurpat the King of Kesh. None
297828 #297828 - AE coin, Akhurpat, Smirnova 1356 None
329050 #329050 - Central Asia, South Soghd, AE unit, Akhurpat, King of Kesh None
384671 #384671 - Central Asia, South Soghd, AE unit, Akhurpat, King of Kesh None
49953 #49953 - Coin of Akhurpat, Hwab of Kesh. None
219921 #219921 - Kashkadarya Soghd AE, Akhurpat. None
341005 #341005 - Kesh AE, Akhurpat None
339460 #339460 - Kesh AE, Akhurpat. None
377671 #377671 - South Soghd, AE, Akhurpat of Kesh, 7th/8th c. AD, unearthed at Paykend None
146690 #146690 - South Soghd, AE, Akhurpat the King of Kesh. None
312686 #312686 - South Soghd, Kesh AE, Ruler Ahurpat. None
381348 #381348 - South Soghd, Principality of Kesh, AE, Akhurpat None
168140 #168140 - Kesh AE, unidentified ruler. None
168141 #168141 - Kesh AE, unidentified ruler. None
15766 #15766 - AE fals, Ikhrid, dikhqan of Kesh. None
14025 #14025 - AE fals. Ikhrid, dikhqan of Kesh. Kesh, No date None
122263 #122263 - AE fals. Ikhrid, dikhqan of Kesh. Kesh, No date None
98316 #98316 - Central Asia, Ikhrid, dihkan of Kesh, Fals. None
314086 #314086 - Kesh AE fals, Ikhrid, dihqan of Kesh. None
275748 #275748 - South Sogd, AE Nakhshab. None
339541 #339541 - South Soghd, Nakhshab AR drachm, bust / left-archer. None
310517 #310517 - Nakhshab AR drachm, bust left/archer. None
65250 #65250 - Nakhshab stage I, AR, Bust / archer type, Ashtam/Ashtat. None
170398 #170398 - Nakhshab, AR drachm, bust/archer. None
71256 #71256 - Soghd AR drachm, Nakhshab, Ashtam/Ashtat(?) None
68590 #68590 - Soghd AR drachm. Nakhshab "Archer", Ashtam/Ashtat. None
296615 #296615 - South Sogd, Nakhshab AR Hemidrachm, ino Antiochos. None
300942 #300942 - South Sogd, Nakhshab AR Hemidrachm, ino Antiochos. None
387336 #387336 - South Sogd, Nakhshab AR Hemidrachm, ino Antiochos. None
110195 #110195 - Nakhshab AR obol None
202957 #202957 - SOGD, Nakhshab, AR unit, Anonymous. None
191034 #191034 - South Soghd AR hemidrahm, Principality of Nakhshab None
68506 #68506 - Nakhshab, AR obol, Antiochus-imitation, bust/archer None
50461 #50461 - Nakhshab, AR obol, unknown king. None
202958 #202958 - SOGDIANA, AR unit, Anonymous. None
217269 #217269 - South Sogd, Nakhshab, reformed AR hemidrachm, bust / archer. None
199833 #199833 - Nakhshab AE archer coin. None
202955 #202955 - NAKHSHAB, BI unit, bust/archer type. None
165238 #165238 - South Sogd, Nakhshab stage II, AE, bust / archer. None
202953 #202953 - NAKHSHAB, AR obol, Sword-bearer type. None
202954 #202954 - NAKHSHAB, AR obol, Sword-bearer type. None
209847 #209847 - NAKHSHAB, AR obol, Sword-bearer type. None
69839 #69839 - South Sogd / Nakhshab stage III, AR obol? "Swordbearer type". None
69720 #69720 - South Soghd, Nakhshab stage III, AR obol, "Sword-bearer type". None
274388 #274388 - Nakhshab AE archer coin. None
77421 #77421 - Nakhshab stage IV, AE, portrait/archer type. None
209846 #209846 - NAKHSHAB, АЕ unit, bust / archer type. None
160833 #160833 - South Soghd, Nakhshab, AE, portrait/archer. None
158397 #158397 - Kesh AE, Ruler fighting lion, struck on Bukhara Asbar. None
258290 #258290 - Nakhshab AE unit, leontomachia type None
160834 #160834 - Nakhshab AE, leontomachia type, portrait/ruler killing lion. None
282987 #282987 - Nakhshab AE, Leontomachia type. type. None
313015 #313015 - Nakhshab AE, profile bust/man fighting lion??? None
3390 #3390 - Nakhshab, AE, leontomachia type. None
30943 #30943 - Nakhshab, AE, leontomachia type. None
90822 #90822 - Nakhshab, AE, leontomachia type. None
106589 #106589 - Nakhshab, AE, leontomachia type. None
185386 #185386 - Nakhshab, AE, leontomachia type. None
302706 #302706 - Sogdiana. Principality of Nakhshab AE, Leontomachia type None
310260 #310260 - Sogdiana. Principality of Nakhshab AE, Leontomachia type. None
336262 #336262 - Sogdiana. Principality of Nakhshab AE, Leontomachia typepe None
353366 #353366 - Sogdiana. Principality of Nakhshab AE, Leontomachia typepe None
353367 #353367 - Sogdiana. Principality of Nakhshab AE, Leontomachia typepe None
165642 #165642 - South Soghd, Nakhshab, AE, leontomachia type. None
322418 #322418 - Sogdiana. Principality of Nakhshab AE, Leontomachia type None
182960 #182960 - Soghd, AE, Man fighting lion, Samarqand tamgha. None
87482 #87482 - South Sogdiana, AE, Unpublished. None
236023 #236023 - South Soghd, AE portrait/ man fighting lion. None
172285 #172285 - South Soghd, AE, Man fighting lion, Samarqand tamgha. None
219916 #219916 - Kashkadarya Soghd AE , Kaesh horse with front portrait. None
129057 #129057 - Nakhsheb, AE, unknown ruler. None
77706 #77706 - Naksheb, AE, horse / portrait. None
351421 #351421 - South Soghd, AE, Horse/facing portrait None
331452 #331452 - South Soghd, AE, Horse/facing portrait, "the Glory Ruler, Ashkade". None
202895 #202895 - South Soghd, AE, Horse/Head. None
45595 #45595 - Southern Sogd, Naksheb. None
253257 #253257 - South Sogd, AE Nakhshab. None
176585 #176585 - South Soghd. Nakhsheb None
18769 #18769 - Southern Sogd, Naksheb None
31598 #31598 - Southern Sogd, Naksheb, issue of local Arab tributaries. None
357724 #357724 - Southern Soghd, Principality of Nakhshab None
387974 #387974 - Southern Soghd, Principality of Nakhshab Type with blank obverse. None
388479 #388479 - Southern Soghd, Principality of Nakhshab Type with blank obverse. None
121457 #121457 - Nakhsheb?, AE, horse / S-tamgha. None
20066 #20066 - South Soghd, AE with "S"-tamgha. None
284401 #284401 - South Soghd, Nakhshab, horse/ S-tamgha. None
326640 #326640 - Horse with Arabic Rev. AE, Anonymous None
191496 #191496 - Nasaf AE fals, Horse coin. None
215244 #215244 - Nasaf AE, Horse left/arabian legend None
299368 #299368 - Nasaf ND, AE fals, anonymous. None
219922 #219922 - Nasaf, AE horse coin with circular arab legend. None
1035 #1035 - Unknown, local tributary ruler, AE fals, Nasaf None
21680 #21680 - Unknown, local tributary ruler, AE fals, Nasaf None
46921 #46921 - Unknown, local tributary ruler, AE fals, Nasaf None
176123 #176123 - Unknown, local tributary ruler, AE fals, Nasaf None
151230 #151230 - South Sogd, AR obol, c. 2nd half of 1st century AD. None
376334 #376334 - Principality of Kesh, AR obol, anonymous with Λ or V. None
50465 #50465 - Probably unresearced Saka- YuehChi AR coin. None
186019 #186019 - South Sogd unknown AE coin None
45399 #45399 - South Sogd, unknown AE coin None
46895 #46895 - South Soghd AE cast coin. None
229164 #229164 - South Soghd AE coin, "Wine Glass" tamgha None
339462 #339462 - South Soghd AE, Wine-glass tamgha. None
20044 #20044 - South Soghd, AE, unknown ruler. None
189364 #189364 - South Soghd, AE, Wine-glass, type with legend. None
347488 #347488 - South Sogd small AE, Sogd word Parn and Triskeles tamgha None
331451 #331451 - South Soghd, AE small coin, word Parn/Triskeles. None
271928 #271928 - South Soghd, AE, Triskeles/prn. None
174339 #174339 - Unknown AE, tamgha (triskele?) / sogd word "prn". None
1289 #1289 - Sogdian imitation (circa 650-700) of Yazdegird (438-457) ? None
221597 #221597 - Sogdian imitation (circa 650-700) of Yazdegird (438-457) ? None
360714 #360714 - Unknown portrait silver coin, Portrait/ Chach Tamgha with Sogdian legends. None
360713 #360713 - Unknown Western Turk AE coin, Portrait/Tamgha with Sogdian legends. None
383471 #383471 - AE Cash Ikhshids of Samarqand Shishpir None
18957 #18957 - Eastern Sogd, Samarqand, ikhshid Shishpir None
29608 #29608 - Eastern Sogd, Samarqand, Ikhshid Shishpir None
255337 #255337 - Eastern Sogdiana, Samarqand, AE cash, Shishpir None
6875 #6875 - S0048 Soghd, Shishpir, cca 640 None
1092 #1092 - S0052 Sogdian - King Shishpir None
46922 #46922 - Samarkand, AE, ikhshid Shishpir. None
152381 #152381 - Samarqand AE, Shishpir. None
45586 #45586 - Samarqand, Ikhshid Shishpir None
207634 #207634 - Samarqand, Ikhshid Shishpir None
106063 #106063 - Eastern Sogdiana, Ruler Wuzurg 7ct. AD, Smirnova #78. None
12680 #12680 - S0078 Sogdian AE coin, Wuzurg, 7th C. None
17931 #17931 - S0078, Wuzurg (?), Samarqand None
286061 #286061 - Samarqand Sogd, Ikhshid Wuzurg None
41895 #41895 - Samarqand Sogd, Ikhshid Wuzurg, biggest variety. None
41896 #41896 - Samarqand Sogd, Ikhshid Wuzurg, small variety. None
25167 #25167 - Samarqand Sogd, Ikhshid Wuzurg. None
58537 #58537 - Samarqand Wuzurg None
13753 #13753 - Sogdiana, Ikhshids of Samarkand. Wuzurg. None
148717 #148717 - Sogdiana, Ikhshids of Samarkand. Wuzurg. None
355237 #355237 - Ikhshids of Samarqand, Warkhuman (circa AD 650-675). Bronze cash None
388521 #388521 - Ikhshids of Samarqand, Warkhuman (circa AD 650-675). Bronze cash None
12681 #12681 - S0106 Sogdian AE coin, Warhuman, 7th C. None
170917 #170917 - Samarqand Soghd, AE, MR´Y MLK’ Warhuman I type . Smir :102 None
167105 #167105 - Samarqand Soghd, AE, Ikhshid Awarhuman. None
202567 #202567 - Samarqand Soghd, AE, Ikhshid Awarhuman. None
219326 #219326 - Samarqand Soghd, AE, Ikhshid Awarhuman. None
43169 #43169 - Samarqand Soghd, Ikhshid Awarhuman None
70209 #70209 - Samarqand Soghd, ikhshid Awarhuman. None
37213 #37213 - Samarqand Soghd, Ikhshid Warhuman None
30566 #30566 - Samarqand Soghd, ikhshid Warhuman. None
34948 #34948 - Samarqand Soghd, ikhshid Warhuman. None
53729 #53729 - Samarqand-Sogd Ikhshid Warhuman None
383470 #383470 - AE Cash Ikhshids of Samarqand Urk Wartramuka None
98315 #98315 - Ikhshids of Samarqand, AE, Urk Wartramuka. None
12682 #12682 - S0657 Samarkand, AE coin, ikshid Urk Wartramuka. None
12683 #12683 - S0657 Samarkand, AE coin, ikshid Urk Wartramuka. None
12684 #12684 - S0657 Sogdian AE coin, Ikhshid Urk Wartramuka ca.675-696AD, Samarqand None
35622 #35622 - Samarkand, AE, Urk Wartramuka. None
29349 #29349 - Samarqand Soghd, ikhshid Urk Wartarmuk. None
29496 #29496 - Samarqand Soghd, ikhshid Urk Wartarmuk. None
37822 #37822 - Samarqand Soghd, ikhshid Urk Wartarmuk. None
42929 #42929 - Samarqand Soghd, ikhshid Urk Wartarmuk. None
37216 #37216 - Samarqand Soghd, Ikhshid Urk Wartramuka None
53731 #53731 - Samarqand-Sogd Ikhshid Urk Wartarmuk None
53732 #53732 - Samarqand-Sogd Ikhshid Urk Wartarmuk None
53733 #53733 - Samarqand-Sogd Ikhshid Urk Wartarmuk None
81946 #81946 - Samarqand-Sogd, Ikhshid Urk Wartarmuk. None
152383 #152383 - Samarqand, AE, ikhshid Urk Wartramuka. None
167069 #167069 - Samarqand, AE, Urk Wartramuka. None
289812 #289812 - Samarqand, Ikshids, Urk Wartramuka None
82179 #82179 - Samarqand, Urk-Vartamuk large cash. None
82180 #82180 - Samarqand, Urk-Vartamuk small-size. None
13754 #13754 - Sogdiana, Ikhshids of Samarkand, Urk Wartramuka, AD 675-696. None
123062 #123062 - Sogdiana, Samarqand Urk-Wartramuka None
186449 #186449 - Sogdiana, Samarqand, Urk Wartamuk, c. 698-700 None
267263 #267263 - Sogdiana, Samarqand, Urk Wartamuk, c. 698-700 None
229760 #229760 - Sogdiana, Samarqand, Urk Wartramuka None
214606 #214606 - Soghd, AE cash, Urk Wartramuka, Samarqand None
123439 #123439 - Soghd, bronze cash, ikhshid Urk Wartramuka, Samarqand None
173450 #173450 - Soghd, bronze cash, Ikhshid Urk Wartramuka, Samarqand None
173453 #173453 - Soghd, bronze cash, Ikhshid Urk Wartramuka, Samarqand None
330685 #330685 - Soghd, bronze cash, ikhshid Urk Wartramuka, Samarqand None
192705 #192705 - Soghd, bronze cash, ikhshid Urk Wartramuka, Samarqand, m/a None
218175 #218175 - Soghd, Ikhshids of Samarqand, Urk Wartramuka None
218183 #218183 - Soghd, Ikhshids of Samarqand, Urk Wartramuka None
182356 #182356 - Soghd, Samarqand, Ikhshids of Samarqand, Urk Wartramuka, ca. AD675-696 None
42805 could not convert string to float: '24.4...25.0'
160100 #160100 - South Soghd - Ikhshids of Samarqand AE Cash Urk Wartramuka Ca. 675-696 None
45585 #45585 - Samarkand, King Tukaspadak. None
20330 #20330 - Samarkand, AE, King Tukaspadak. None
54082 #54082 - Samarqand Soghd, Ikhshid Tukaspadak None
46409 #46409 - Samarqand Soghd, Ikhshid Tukaspadak. None
50498 #50498 - Samarqand Soghd, Ikhshid Tukaspadak. None
121456 #121456 - Samarqand, AE, Ikhshid Tukaspadak. None
12685 #12685 - S0168 Sogdian AE coin, Mastan (?), Samarqand 7th C. None
77711 #77711 - Samarqand, AE, Mastan Awyan. None
128867 #128867 - Samarqand, AE, Mastan Awyan/Mastich Unash. None
20794 #20794 - Samarqand, Mastan Awyan None
295770 #295770 - Samarqand, Mastan Awyan None
44845 #44845 - Samarqand, Mastan Awyan. None
110491 #110491 - Sogdiana, Samarqand, Mastich-Unash 698-700AD None
98314 #98314 - AE, Ikhshids of Samarqand, Tarkhun Malka. None
218973 #218973 - Central Asia AE unit, Turkhun, Samarqand None
299469 #299469 - Central Asia AE unit, Turkhun, Samarqand None
107451 #107451 - Ikhshids of Samarqand, Tarkhun Malka None
5198 #5198 - S0215 Central Asia bronze coin, Turkhun, Samarqand None
145486 #145486 - S0215 Central Asia bronze coin, Turkhun, Samarqand None
46923 #46923 - Samarkand, ikhshid Tarkhun. None
56414 #56414 - Samarqand Soghd, ikhshid Tarkhun, countermark None
35289 #35289 - Samarqand Soghd, ikhshid Tarkhun, with Arabian countermark. None
29014 #29014 - Samarqand Soghd, ikhshid Tarkhun. None
56600 #56600 - Samarqand Tarkhun None
152384 #152384 - Samarqand, AE, ikhshid Tarkhun. None
233909 #233909 - Samarqand, Ikhshid Tarhun, Smir 215 None
157923 #157923 - Samarqand, ikhshid Tarkhun None
233908 #233908 - Samarqand, ikhshid Tarkhun None
289817 #289817 - Samarqand, Ikshids, Tarkhun None
6292 #6292 - Sogdian AE coin, Tarkhun None
367618 #367618 - Soghd, Ikhshids of Samargand, Tarkhun None
387946 #387946 - Soghd, Ikhshids of Samargand, Tarkhun None
218178 #218178 - Soghd, Ikhshids of Samarqand, Tarkhun None
218179 #218179 - Soghd, Ikhshids of Samarqand, Tarkhun None
218180 #218180 - Soghd, Ikhshids of Samarqand, Tarkhun None
286021 #286021 - Soghd, Ikhshids of Samarqand, Tarkhun None
318865 #318865 - Soghd, Ikhshids of Samarqand, Tarkhun None
331591 #331591 - Soghd, Ikhshids of Samarqand, Tarkhun None
41845 could not convert string to float: '23.9...25.2'
383469 #383469 - AE Cash Ikhshids of Samarqand Gurak None
106065 #106065 - Eastern Sogdiana, Ruler Gurak 710-738AD, Smirnova #359 None
357355 #357355 - Hirak/Gurak None
1144 #1144 - S0359 Central Asia AE coin, Gurek None
5245 #5245 - S0359 Central Asia, Soghdiana, Gurak AD710-738, bronze coin None
6291 #6291 - S0359 Sogdian AE coin, Gurak 710-738 None
12663 #12663 - S0359 Sogdian AE coin, Gurak, early 8th C. None
12667 #12667 - S0359 Sogdian AE coin, Gurak, early 8th C. None
1032 #1032 - S0359 Sogdiana King Ghurak None
6876 #6876 - S0359 Soghd, Urak (Gurek), 710-738 None
16327 #16327 - S0359, Sogdiana, Gurak None
46924 #46924 - Samarkand, AE, ikhshid Gurak. None
54083 #54083 - Samarqand Sogd, ikhshid Gurak None
29348 #29348 - Samarqand Soghd, ikhshid Gurak. None
37478 #37478 - Samarqand Soghd, ikhshid Gurak. None
41594 #41594 - Samarqand Soghd, ikhshid Gurak. None
71352 #71352 - Samarqand, AE, ikhshid Gurak. None
230049 #230049 - Samarqand, Ikhshid Gurak, ca 710-738 CE. Smirnova 359-399 None
44173 #44173 - Sogd, arsenic low lead bronze cash, ikhshid Gurak, m/a None
218176 #218176 - Soghd, Ikhshids of Samarqand, Hirak/Gurak None
218185 #218185 - Soghd, Ikhshids of Samarqand, Hirak/Gurak None
296108 #296108 - Soghd, Ikhshids of Samarqand, Hirak/Gurak None
296109 #296109 - Soghd, Ikhshids of Samarqand, Hirak/Gurak None
42806 could not convert string to float: '22.2...22.7'
37215 #37215 - Eastern Sogd, Samarqand, Ikhshid Gurak None
37703 #37703 - Eastern Sogd, Samarqand, Ikhshid Gurak. None
46722 #46722 - Smirnova 437, Eastern Sogd, Samarqand, ikhshid Gurak None
368888 #368888 - Central Asia, Soghd, AE cash, imitation of Gurak None
18771 #18771 - S0400, Eastern Sogd, Samarqand, ikhshid Gurak None
53716 #53716 - Eastern Sogd-Samarqand Ikhshid Gurak None
37214 #37214 - Eastern Sogd, Samarqand, Ikhshid Gurak None
383472 #383472 - AE Cash Ikhshids of Samarqand Turgar None
361630 #361630 - AE Unit Unidentified Central Asian None
219070 #219070 - Central Asia AE unit, Turgar, early type None
224286 #224286 - Central Asia AE unit, Turgar, early type None
192625 #192625 - Central Asia, Soghd, AE cash, Turghar, Samarqand None
253081 #253081 - Central Asia, Soghd, AE cash, Turghar, Samarqand None
262378 #262378 - Ikhshids of Samarqand None
140451 #140451 - Ikhshids of Samarqand: King Turghar (740-760) AE Cash None
5464 #5464 - S0519 Sogdiana AE coin, King Turghar 738-750 None
37840 #37840 - Samarqand Soghd, ikhshid Turghar. None
41898 #41898 - Samarqand Soghd, ikhshid Turghar. None
56599 #56599 - Samarqand Turgar None
58535 #58535 - Samarqand Turgar None
76237 #76237 - Samarqand, AE late type, ikhshid Turgar. None
152385 #152385 - Samarqand, AE late type, Turgar None
107648 #107648 - Samarqand, AE late type, Turgar. None
63538 #63538 - Samarqand, AE, ikhshid Turgar None
186280 #186280 - Samarqand, AE, ikhshid Turgar, early type. None
141338 #141338 - Samarqand, AE, ikhshid Turgar. None
284714 #284714 - Samarqand, AE, ikhshid Turgar. None
77710 #77710 - Samarqand, AE, Turgar. None
27986 #27986 - Sogdiana, bronze cash-like coin, ikshid Turgar 738-750 A.D., m/a None
48603 #48603 - Sogdiana, bronze cash-like coin, ikshid Turgar 738-750 A.D., m/a None
218181 #218181 - Soghd, Ikhshids of Samarqand, ikhshid Turgar, early type. None
309018 #309018 - Soghd, Ikhshids of Samarqand, AE, Turgar None
42804 could not convert string to float: '18.4...19.8'
258783 #258783 - Turgar None
281830 #281830 - Turgar, type 2 None
61612 #61612 - Turghar First Type AE None
35224 #35224 - Uninscribed AE:s, Turgar, later issue None
236018 #236018 - Ikhshid of Samarqand AE, Yazid b Ghurak. None
23487 #23487 - Ikhshids of Samarqand AE, Yazīd b. Ghūrak. None
348507 #348507 - Ikhshids of Samarqand AE, Yazīd b. Ghūrak. None
278077 #278077 - Ishtihan, AE, Ikhshid Yazid b Ghurak None
268753 #268753 - Samarkand Soghd, AE, Ikhshid Yazid b Ghurak None
339641 #339641 - Samarqand AE, Ikhshid Yazid b Ghurak. None
387574 #387574 - Samarqand AE, Yazid (b Ghurak)? None
122113 #122113 - Samarqand Soghd, AE, Yazid b Ghurak. None
127960 #127960 - Samarqand Soghd, AE, Yazid b Ghurak. None
183835 #183835 - Samarqand Soghd, AE, Yazid b Ghurak. None
192723 #192723 - Samarqand Soghd, AE, Yazid b Ghurak(?) None
20332 #20332 - Samarqand Soghd, AE, Yazīd b. Ghūrak. None
89028 #89028 - Samarqand Soghd, AE, Yazīd b. Ghūrak. None
63495 #63495 - Unlisted new type of Soghdian cash-like coin. None
8 #8 - S- Soghdian-Arabic bronze coin None
46410 #46410 - Eastern Sogd, Amukyan, Master of Panch. None
18743 #18743 - Eastern Sogd, Amukyan, ruler of Panch None
170214 #170214 - Eastern Sogd, Amukyan, ruler of Panch. None
126149 #126149 - Eastern Soghd, domain Panch, ruler Amukyan None
297809 #297809 - Panjikent AE, Amukyan, Master of Panch. None
211750 #211750 - Pendjikent, AE, Amukyan ruler of Panch. None
306553 #306553 - Penjikent AE, Amukyan, Master of Panch. None
342452 #342452 - Penjikent AE, Ruler Amukian None
165518 #165518 - Pycwtt, Lord of Panch None
3392 #3392 - Afshin (ruler) of Panch, Chekin Chur Bilgä None
20331 #20331 - Afshin (ruler) of Panch, Chekin Chur Bilgä None
44835 #44835 - Afshin (ruler) of Panch, Chekin Chur Bilgä None
229762 #229762 - Afshin (ruler) of Panch, Chekin Chur Bilgä None
286398 #286398 - Chekin Chur Bilgä None
219325 #219325 - Pendjikent, Afshin (ruler) of Panch, Chekin Chur Bilgä None
81165 #81165 - Panch, AE, lady Nana. None
264184 #264184 - Pendjikend, AE unit, Lady Nana None
264408 #264408 - Pendjikend, AE unit, Lady Nana None
77712 #77712 - Pendjikend, AE, queen Nana. None
334987 #334987 - Pendjikent AE, Nana, lady of Panch None
130578 #130578 - Penjikent, AE cash, Nana, lady of Panch. None
388312 #388312 - Principality of Panch (Penjikent), Divashtich, with the title “Lady Nana”, AE unit, AD 709–722. None
54032 #54032 - Samarqand Soghd, domain Panch, lady Nana None
227845 #227845 - Samarqand Soghd, domain Panch, lady Nana None
29609 #29609 - Samarqand Soghd, domain Panch, lady Nana. None
30750 #30750 - Samarqand Soghd, domain Panch, lady Nana. None
54031 #54031 - Samarqand Soghd, domain Panch, lady Nana. None
387722 #387722 - Eastern Sogd (possibly Kabudhan), Naniavyat of Sumethan (?), AE cash, 7th–early 8th century None
190519 #190519 - Principality of Samitan None
342829 #342829 - Principality of Samitan, AE, "Nanaiabiat" None
154751 #154751 - Principality of Samitan, AE, "Nanaiabiat" None
300941 #300941 - Principality of Samitan, AE, "Nanaiabiat" None
36094 #36094 - Principality of Samitan, AE, Nanaiabiat. None
64751 #64751 - Principality of Samitan, AE, Nanaiabiat. None
67073 #67073 - Principality of Samitan, AE, Nanaiabiat. None
77708 #77708 - Principality of Samitan, AE, Nanaiabiat. None
81167 #81167 - Principality of Samitan, AE, Nanaiabiat. None
109985 #109985 - Principality of Samitan, AE, Nanaiabiat. None
152382 #152382 - Principality of Samitan, AE, Nanaiabiat. None
304348 #304348 - Principality of Samitan, AE. None
357038 #357038 - Principality of Samitan, Nanaiabiat None
357722 #357722 - Principality of Samitan, Nanaiabiat, AE Cash None
229759 #229759 - Principality of Samitan, Nanaiabiat. None
59153 #59153 - Ruler of Samitan, AE, Nanaiabiat. None
167070 #167070 - Samitan AE, Nanaiabiat. None
192732 #192732 - Soghd, bronze cash, principality Samitan, Nanaiabiat Samidanian, m/a None
386012 #386012 - Soghd, bronze cash, principality Samitan, Nanaiabiat Samidanian, m/a None
386013 #386013 - Soghd, bronze cash, principality Samitan, Nanaiabiat Samidanian, m/a None
386014 #386014 - Soghd, bronze cash, principality Samitan, Nanaiabiat Samidanian, m/a None
386017 #386017 - Soghd, bronze cash, principality Samitan, Nanaiabiat Samidanian, m/a None
386018 #386018 - Soghd, bronze cash, principality Samitan, Nanaiabiat Samidanian, m/a None
386019 #386019 - Soghd, bronze cash, principality Samitan, Nanaiabiat Samidanian, m/a None
386020 #386020 - Soghd, bronze cash, principality Samitan, Nanaiabiat Samidanian, m/a None
326281 #326281 - Unclear Soghd species, AE Cash None
268037 #268037 - Central Asia, Soghd, AE unit, unknown ruler / tamgha None
86240 #86240 - Soghd coin with unknown tamgha None
154646 #154646 - Soghd, AE, unknown ruler / tamgha. None
154647 #154647 - Soghd, AE, unknown ruler / tamgha. None
150557 #150557 - Soghd, unknown ruler. None
219918 #219918 - South Sogd AE, portrait/tamgha. None
43171 #43171 - South Sogd, AE, unknown tamgha. None
335181 #335181 - South Soghd, AE coin with Portrait and trident Tamgha None
258525 #258525 - South Soghd, AE coin with Portrait and trident Tamgha. None
245379 #245379 - South Soghd, AE with Portrait and trident Tamgha. None
194337 #194337 - South Soghd, AE, facing portrait/tamgha. None
183833 #183833 - South Soghd, AE, Unknown ruler 6-7 Ct AD. None
284495 #284495 - South Soghd, AE, Unknown Ruler with trident tamgha. None
172286 #172286 - South Soghd, AE, unknown tamgha. None
186115 #186115 - AE, Ramchitak. None
229761 #229761 - Bukhara, Ramchitak None
121664 #121664 - Bukhara, Ramchitak Ca. 640-700AD None
152386 #152386 - Bukhara, Ramchitak Ca. 640-700AD None
82178 #82178 - Sogdiana cash ruler Ramchitak. None
154899 #154899 - Sogdiana ruler Ramchitak None
13750 #13750 - Sogdiana, Bukhara. Ramchitak AD 650-700. None
16482 #16482 - Sogdiana, ruler Ramchitak AD 650-700. None
77709 #77709 - SOGDIANA: Ramchitak AE. None
153578 #153578 - Soghd, bronze 1 cash, ruler Ramchitak None
143734 #143734 - Bukhara/eastern Soghd, AE, Zatak. None
20631 #20631 - Sogdiana, ruler Zatak None
322697 #322697 - Soghd AE cash-like coin, Ruler Zatak. None
383477 #383477 - AE Sogdiana Cash None
105791 #105791 - AE, Kai Yuan-imitation with sogd tamgha/legend. None
371760 #371760 - Kai Yuan tong bao, imitation, Samakand None
6283 #6283 - S0043 Sogdiana AE cash, Kai-yuan tong-bao, rev. tamgha and Sogdian word None
29261 #29261 - S0043 Sogdiana AE cash, Kai-yuan tong-bao, rev. tamgha and Sogdian word None
6284 #6284 - S0043v Sogdiana bronze cash, Kai-yuan tong-bao, r. tamgha and Sogdian word None
324244 #324244 - Samarkand Soghd, AE, Kai Yuan imitation. None
387565 #387565 - Samarkand Soghd, AE, Kai Yuan imitation. None
189273 #189273 - Samarqand Kai Yuan tong bao None
194738 #194738 - Samarqand Kai Yuan tong bao None
194740 #194740 - Samarqand Kai Yuan tong bao None
37290 #37290 - Samarqand Kai Yuan tong bao. None
37820 #37820 - Samarqand Kai Yuan tong bao. None
50084 #50084 - Samarqand Kai Yuan Tong Bao. None
371685 #371685 - Samarqand Sogd, Kai Yuan Tong Bao Imitation, Fragmented None
351000 #351000 - Samarqand? AE cash, kai yuan tong bao/tamgha and Sogdian word bgy ("ruler") None
20046 #20046 - Sogdian Kai Yuan Tong Bao Smirnova43 None
45594 #45594 - Sogdian Kai Yuan Tong Bao Smirnova43 None
107378 #107378 - Sogdiana AE cash, Kai-yuan tong-bao, rev. tamgha and Sogdian word None
300660 #300660 - Sogdiana AE cash, Kai-yuan tong-bao, rev. tamgha and Sogdian word None
45400 #45400 - Eastern Sogdiana AE unit, domain Pargar. None
13 #13 - Eastern Sogdiana, domain Pargar, AE, unknown ruler. None
29397 #29397 - Eastern Sogdiana, domain Pargar, AE, unknown ruler None
69377 #69377 - Eastern Soghd, domain Fansar, AE, ruler Amukyan. None
126148 #126148 - Eastern Soghd, domain Pargar, unknown ruler None
1330 #1330 - Sogdiana None
169199 #169199 - Soghd, AE, unknown ruler. None
172370 #172370 - Soghd, AE, unknown ruler. None
167596 #167596 - Unlisted Soghdian cash-like coin None
70233 #70233 - Unlisted Soghdian cash-like coin. None
388617 #388617 - Jizzakh Zaamin Zomin AE bronze facing portrait tamgha unidentified ruler None
256532 #256532 - Ustrushana AE seal, rabbit and double tamgha None
283494 #283494 - Ustrushana, AE, Unique None
347089 #347089 - Central Asia, Soghd, Ustrushana, AE unit, Satachary None
6874 #6874 - Sogdian AE coin, Satachari, 6-7th Cent., Ustrushana None
36622 #36622 - Sogdian AE coin, Ustrushana principality, ruler Satachary, 6-7 cc AD None
299344 #299344 - Ustrushana None
387537 #387537 - Ustrushana AE Chirdmish None
373092 #373092 - Ustrushana AE coin None
256530 #256530 - Ustrushana AE seal portrait and tamgha None
376338 #376338 - Ustrushana AE, Chirdmish. None
342456 #342456 - Ustrushana AE, Ruler Rokhanch. None
63105 #63105 - Ustrushana unlisted AE coin, Satachary. None
43201 #43201 - Ustrushana, Rakhanch. None
20481 #20481 - Ustrushana, AE coin, afshin Rakhanch. None
31591 #31591 - Ustrushana, AE coin, afshin Rakhanch. None
20210 #20210 - Ustrushana, AE coin, afshin Satachary. None
310448 #310448 - Ustrushana, AE coin, afshin Satachary. None
211502 #211502 - Ustrushana, AE Satachary. None
183832 #183832 - Ustrushana, AE, Rachanch. None
180917 #180917 - Ustrushana, AE, Rokhanch. None
387573 #387573 - Ustrushana, afshin Rakhanch None
16899 #16899 - Ustrushana, ruler Satachary None
77713 #77713 - Ustrushana, AE, None
226448 #226448 - Ustrushana, AE, Chardmish None
232115 #232115 - Ustrushana, AE, Chardmish. None
387541 #387541 - Ustrushana, AE, Chardmish. None
179201 #179201 - Ustrushana, AE, Chirdmish. None
342455 #342455 - Ustrushana, AE, Ruler Chirdmish, portrait 3/4 left. None
376339 #376339 - Ustrushana AE, MR’Y r’γnč - lord Rahanch. None
387536 #387536 - Ustrushana, AE, Rokhanch. None
341498 #341498 - Central Asia, Soghd, Ustrushana, AE unit, Satachary None
327834 #327834 - Ustrushana AE, Satachary II. None
336261 #336261 - Ustrushana, afshin Satachary II None
76686 #76686 - Ustrushana, ruler Satachary None
324231 #324231 - Ustrushana, ruler Satachary None
15535 #15535 - Sogdian AE coin, Ustrushana principality, ruler Satachary, 6-7 cc AD None
325348 #325348 - Ustrushana AE, Satachary, elephant/tamgha. None
81168 #81168 - Ustrushana principality, ruler Satachary None
387813 #387813 - Ustrushana principality, ruler Satachary None
43895 #43895 - Ustrushana, AE coin, afshin Satachary II None
192356 #192356 - Ustrushana, AE coin, afshin Satachary II None
299346 #299346 - Ustrushana, AE coin, afshin Satachary II None
20480 #20480 - Ustrushana, AE coin, afshin Satachary II. None
335271 #335271 - Ustrushana, AE, Satachary, elephant/tamgha None
347492 #347492 - Ustrushana AE coin, Afshin Rakhanch II. None
215246 #215246 - Ustrushana AE, Afshin Rakhanch II, tamgha with Cross. None
312696 #312696 - Ustrushana AE, Portrait coin, Rokhanch. None
387812 #387812 - Ustrushana AE, Portrait coin, Rokhanch. None
376340 #376340 - Ustrushana AE, Rakhanch II, with cross. None
320362 #320362 - Ustrushana, AE coin, afshin Rakhanch. None
56073 #56073 - Ustrushana, AE, afshin Rakhanch II. None
387543 #387543 - Samarqand/Zaamin AE, unknown ruler. None
387545 #387545 - Samarqand/Zaamin AE, unknown ruler. None
387572 #387572 - Samarqand/Zaamin AE, unknown ruler. None
388563 #388563 - Samarqand/Zaamin AE, unknown ruler. None
388598 #388598 - Samarqand/Zaamin AE, unknown ruler. None
388602 #388602 - Samarqand/Zaamin AE, unknown ruler. None
346867 #346867 - Zaamin AE, Farnbag, with Nestorian cross, and tamgha. None
387808 #387808 - Zaamin AE, unknown ruler None
339459 #339459 - Zaamin AE, unknown ruler. None
387571 #387571 - Zaamin AE, unknown ruler. None
388600 #388600 - Zaamin AE, unknown ruler. None
334986 #334986 - Zaamin AE. Smir 1480? AE. None
61689 #61689 - Zaamin, AE coin of unknown ruler. None
20212 #20212 - Zaamin, AE coin, Unknown ruler. None
185383 #185383 - Zaamin, AE coin, Unknown ruler. Bust facing slightly to left. None
81155 #81155 - Zaamin, AE portrait None
387580 #387580 - Zaamin, AE, unknown ruler None
67072 #67072 - Zaamin, AE, unknown ruler. None
86941 #86941 - Zaamin, AE, unknown ruler. None
86942 #86942 - Zaamin, AE, unknown ruler. None
162407 #162407 - Zaamin, AE, unknown ruler. None
183836 #183836 - Zaamin, AE, unknown ruler. None
190632 #190632 - Zaamin, AE, unknown ruler. None
209841 #209841 - Zaamin, AE, unknown ruler. None
128294 #128294 - Zaamin, AE. None
83735 #83735 - Zaamin? AE coin None
317329 #317329 - AE, pair portrait/turk runas. None
366035 #366035 - Central Asia, Soghd, AE unit, Fiknan, double portrait/runas None
122195 #122195 - East Sogd/Ferghana, AE, Par portrait. None
220384 #220384 - East Soghd AE , Ferghana, pare portrait. None
121375 #121375 - East Soghd, AE, Pair portrait. None
25363 #25363 - Eastern Sogdiana. Unknown ruler. 7-8 AD. None
167068 #167068 - Eastern Soghd, AE, double portrait/turkic runas. None
363981 #363981 - Eastern Soghd, AE, double portrait/turkic runas. None
194325 #194325 - Eastern Soghd, AE, pair / turk runic signs. None
194335 #194335 - Eastern Soghd, AE, pair/turk runic signs. None
172012 #172012 - Ferghana, AE, pair portrait/turk runas. None
77704 #77704 - SOGDIANA: Anonymous AE with double portrait. None
387564 #387564 - Soghd, AE unit, Fiknan, double portrait/runas None
332418 #332418 - Soghd, AE, pare portrait. 7-8th AD None
333208 #333208 - Soghd, AE, pare portrait. 7-8th AD None
357721 #357721 - Soghd, Fiknan, Circa 625-750 AD. Double portrait None
382621 #382621 - Soghd, Fiknan, Circa 625-750 AD. Double portrait None
330223 #330223 - Soghd, Fiknan? Circa 625-750 AD. Double portrait None
49951 #49951 - Soghdian double portrait coin. None
316429 #316429 - Turko-Sogdian coin of Soghd area None
353231 #353231 - Coins of Nujkath, an early Mediaeval principality in Sangzar Valley None
284837 #284837 - Nujkat AE None
285951 #285951 - Nujkat AE None
312698 #312698 - Nujkat AE, portrait 3/4 left. None
370998 #370998 - Nujkat. (Circa 6th-7th Centuries) AE Unit. None
163050 #163050 - Bukhara, AE cash, Asbar, ca. 5th century. Forgery! None
292357 #292357 - Coins with tamgha of Gurak/Turgar type. FAKE! None
46744 #46744 - Eastern Sogd, Samarqand, ikhshid Shishpir, FAKE! None
14325 #14325 - Eastern Sogdiana, AE coin, Samarqand, fake or genuine? None
20984 #20984 - Samarkand, AR obol, probably modern forgery. None
115514 #115514 - Sogd, Kesh, fake None
326299 #326299 - Soghd AR drachm, Antiochos imitation. Modern fake from Samarkand None
326300 #326300 - Soghd AR drachm, Antiochos imitation. Modern fake from Samarkand None
233828 #233828 - AE coin None
293297 #293297 - Central Asia, Chach None
324703 #324703 - Central Asia, Chach None
387750 #387750 - Central Asia, Chach None
373587 #373587 - Central Asia, Chach, AE unit None
311981 #311981 - Central Asia, Chach, AE unit, unknown ruler None
386645 #386645 - Central Asia, Chach, Kanka? AE None
309624 #309624 - Chach None
347366 #347366 - Chach None
347367 #347367 - Chach None
351293 #351293 - Chach None
284493 #284493 - Chach small AE, anonymous. None
274396 #274396 - Chach, Unpublished AE None
215462 #215462 - Soghd / Chach AE, unpublished? None
306597 #306597 - Soghd, AE, Unknown region? None
20691 #20691 - Unknown principality in Chach area. None
388121 #388121 - Untitled None
16479 #16479 - Early Chach None
195072 #195072 - Central Asia, Chach, unknown ruler, 7-8th cent. None
9679 #9679 - Central Asia, Soghdiana, Chach None
387563 #387563 - Chach AE ruler Wanwan None
387746 #387746 - Chach AE ruler Wanwan None
387747 #387747 - Chach AE ruler Wanwan None
387748 #387748 - Chach AE ruler Wanwan None
388476 #388476 - Chach AE ruler Wanwan None
258519 #258519 - Chach AE, "Wanwan". None
264162 #264162 - Chach AE, "Wanwan". None
212824 #212824 - Chach AE, ruler Wanwan. None
286524 #286524 - Chach AE, ruler Wanwan. None
286721 #286721 - Chach AE, ruler Wanwan. None
287236 #287236 - Chach AE, ruler Wanwan. None
290948 #290948 - Chach AE, ruler Wanwan. None
295018 #295018 - Chach AE, ruler Wanwan. None
295019 #295019 - Chach AE, ruler Wanwan. None
354570 #354570 - Chach AE, ruler Wanwan. None
354571 #354571 - Chach AE, ruler Wanwan. None
354572 #354572 - Chach AE, ruler Wanwan. None
354573 #354573 - Chach AE, ruler Wanwan. None
355196 #355196 - Chach AE, ruler Wanwan. None
356696 #356696 - Chach AE, ruler Wanwan. None
356697 #356697 - Chach AE, ruler Wanwan. None
356698 #356698 - Chach AE, ruler Wanwan. None
356699 #356699 - Chach AE, ruler Wanwan. None
356876 #356876 - Chach AE, ruler Wanwan. None
356877 #356877 - Chach AE, ruler Wanwan. None
371407 #371407 - Chach AE, ruler Wanwan. None
371408 #371408 - Chach AE, ruler Wanwan. None
371409 #371409 - Chach AE, ruler Wanwan. None
371410 #371410 - Chach AE, ruler Wanwan. None
371411 #371411 - Chach AE, ruler Wanwan. None
371412 #371412 - Chach AE, ruler Wanwan. None
371413 #371413 - Chach AE, ruler Wanwan. None
371414 #371414 - Chach AE, ruler Wanwan. None
287059 #287059 - Chach, Early Chach/KangChu, Wanwan, 2nd to 4th century. None
289122 #289122 - Chach, Early Chach/KangChu, Wanwan, 2nd to 4th century. None
218081 #218081 - Chach, Unknown ruler 3-5 cent CE. None
1091 #1091 - Chach: Ruler facing left None
148718 #148718 - Chach. Portrait left/tamgha. None
12938 #12938 - Early Chach None
20430 #20430 - Early Chach None
20431 #20431 - Early Chach None
20432 #20432 - Early Chach None
20985 #20985 - Early Chach None
21678 #21678 - Early Chach None
286333 #286333 - Early Chach None
286462 #286462 - Early Chach None
286494 #286494 - Early Chach None
286528 #286528 - Early Chach None
286914 #286914 - Early Chach None
312073 #312073 - Early Chach None
289247 #289247 - Early Chach AE coin None
289893 #289893 - Early Chach AE coin None
311984 #311984 - Early Chach AE coin None
311985 #311985 - Early Chach AE coin None
311986 #311986 - Early Chach AE coin None
311987 #311987 - Early Chach AE coin None
311988 #311988 - Early Chach AE coin None
350906 #350906 - Early Chach coin, ruler Vanvan. None
353204 #353204 - Early Chach coin, ruler Vanvan. None
377203 #377203 - Early Chach coin, ruler Vanvan. None
196273 #196273 - Early Chach coin. First tipe. None
70752 #70752 - Early Chach, 3 dots in center of tamgha None
142566 #142566 - Early Chach, AE, portrait left/tamgha. None
31659 #31659 - Early Chach, AE, ruler "Wanwan"? None
60322 #60322 - Early Chach, AE, Unknown ruler None
56003 #56003 - Early Chach, AE, Unknown ruler. None
56004 #56004 - Early Chach, AE, Unknown ruler. None
182098 #182098 - Early Chach, AE, unknown ruler. None
98310 #98310 - Early Chach, AE. None
29990 #29990 - Early Chach, cross in center of tamgha None
21679 #21679 - Early Chach, portrait to the right None
353471 #353471 - Early Chach, ruler Vanvan None
353472 #353472 - Early Chach, ruler Vanvan None
353473 #353473 - Early Chach, ruler Vanvan None
353474 #353474 - Early Chach, ruler Vanvan None
353476 #353476 - Early Chach, ruler Vanvan None
353477 #353477 - Early Chach, ruler Vanvan None
339736 #339736 - Early Chach, ruler Wanwan. (Chach group 1) None
195744 #195744 - Heavily tooled Chach: Ruler facing left, AE None
350097 #350097 - Kangju, Wanwan, Unknown AE None
3739 #3739 - Unknown ruler, early Chach 3rd Century None
322936 #322936 - Central Asia, Chach None
324700 #324700 - Central Asia, Chach None
324701 #324701 - Central Asia, Chach None
387749 #387749 - Central Asia, Chach None
351290 #351290 - Chach None
351292 #351292 - Chach None
119943 #119943 - Chach AE None
230990 #230990 - Chach AE None
289866 #289866 - Chach AE, lion None
314606 #314606 - Chach AE, lion. None
182095 #182095 - Chach AE, unknown ruler. None
335186 #335186 - Chach AE. Type? None
258600 #258600 - Chach Unknown ruler 7-8 Ct AD Overstruck None
347368 #347368 - Chach, AE, Satawchar None
157750 #157750 - Chach, small AE, portrait/tamgha. None
137506 #137506 - Chach, Unknown Ruler None
309556 #309556 - Chach, Unknown ruler None
310388 #310388 - Chach, Unknown ruler None
348309 #348309 - Group 6 type 4, Chach, Tudun. None
138230 #138230 - Unknown ruler None
176242 #176242 - AE, Chach, Ruler Khwanurk. None
35221 #35221 - Chach AE coin None
387604 #387604 - Chach, AE, double portrait type, group 5, type 1 None
31658 #31658 - Chach, AE, ruler "Khwnyrk". None
98563 #98563 - Chach, unknown ruler None
293020 #293020 - Central Asia, Chach, Nirtanak None
310391 #310391 - Central Asia, Chach, Nirtanak None
291004 #291004 - Central Asia, Chach, Nirtanak, 7-8th None
345213 #345213 - Central Asia, Chach, Nirtanak, 7-8th None
352149 #352149 - Central Asia, Chach, Nirtanak, 7-8th None
355199 #355199 - Central Asia, Chach, Nirtanak, 7-8th None
195069 #195069 - Central Asia, Chach, Nirtanak, 7-8th cent. None
293930 #293930 - Central Asia, Chach, Nirtanak, 7-8th cent. None
317553 #317553 - Central Asia, Chach, Nirtanak, 7th-8th century None
72485 #72485 - Chach None
230989 #230989 - Chach AE None
35222 #35222 - Chach AE coin None
98564 #98564 - Chach, Nirtanak None
181449 #181449 - Chach, "Nirtnk" None
87868 #87868 - Chach, Nirtanak None
346605 #346605 - Chach, Nirtanak None
346694 #346694 - Chach, Nirtanak None
346604 #346604 - Chach, ruler Nirtanak None
289117 #289117 - Chach, ruler Nirtanak, 7-8th cent. None
290946 #290946 - Chach, ruler Nirtanak, 7-8th cent. None
303198 #303198 - Chach, ruler Nirtanak, 7-8th cent. None
306247 #306247 - Chach, ruler Nirtanak, 7-8th cent. None
20530 #20530 - Chach, Unknown Ruler None
105744 #105744 - Chach, Unknown Ruler None
176586 #176586 - Chach. Nirtanak None
339712 #339712 - Shagalov/Kuznetsov "Catalogue of coins of Chach..." Group 6 Type 2 None
1093 #1093 - Sogdian Unknown Ruler None
346547 #346547 - AE, Tudun Satachari None
346695 #346695 - AE, Tudun Satachari None
246907 #246907 - Central Asia, Chach, AE unit, 7-8th cent. None
137801 #137801 - Chach AE coin None
150593 #150593 - Chach AE, tudun Satachari? None
230741 #230741 - Chach AE, Tudun Satachari. None
292915 #292915 - Chach AE, Tudun Satachari. None
292930 #292930 - Chach AE, Tudun Satachari. None
293108 #293108 - Chach AE, Tudun Satachari. None
294152 #294152 - Chach AE, Tudun Satachari. None
47449 #47449 - Chach Tudun Satachari. Portrait to the left None
292772 #292772 - Chach, AE, Tudun Satachari, portrait ¾ right None
16898 #16898 - Chach, tudun (ruler) Satachary None
346164 #346164 - Chach, Tudun Satachari None
346289 #346289 - Chach, Tudun Satachari None
347369 #347369 - Chach, Tudun Satachari None
350956 #350956 - Chach, Tudun Satachari None
351285 #351285 - Chach, Tudun Satachari None
353241 #353241 - Chach, Tudun Satachari None
355198 #355198 - Chach, Tudun Satachari None
388464 #388464 - Chach, Tudun Satachari None
388465 #388465 - Chach, Tudun Satachari None
388561 #388561 - Chach, Tudun Satachari None
278082 #278082 - Chach, Tudun Satachari 7-8 Ct AD, Sh&K #213 Error None
339710 #339710 - Shagalov/Kuznetsov "Catalogue of coins of Chach" None
138169 #138169 - Tudun Satachari, 7th - 8th None
338026 #338026 - Tudun Satachari, 7th - 8th None
72484 #72484 - Chach None
165637 #165637 - Chach AE ("Tundun?") None
286426 #286426 - Chach AE coin None
353232 #353232 - Chach Type 4: portrait ¾ to right with special headdress / tamgha, ruler Tudun None
125623 #125623 - Chach, AE Coin, uncnown ruler None
388579 #388579 - Chach, AE Coin, uncnown ruler None
75916 #75916 - Chach, AE, unknown ruler None
187996 #187996 - Chach, AE, unknown ruler None
81163 #81163 - Chach, AE, Unknown ruler 7-8Ct AD. None
185378 #185378 - Chach, AE, Unknown ruler 7-8Ct AD. None
55613 #55613 - Chach, AE, unknown ruler. None
388577 #388577 - Chach, poorly preserved Ruler Tudun None
326588 #326588 - Chach, poorly preserved Ruler Tudun w/ tamgha partially struck on Rev. None
16897 #16897 - Chach, unknown ruler None
326523 #326523 - Ruler Tudun, Rev. Striking Error None
347545 #347545 - Tudun None
138231 #138231 - Unknown ruler None
352152 #352152 - Unknown ruler None
174448 #174448 - Chach AE, ruler with pointed cap None
125746 #125746 - Chach, AE Coin, uncnown ruler None
311980 #311980 - Chach, AE, ruler "Sochak". None
346458 #346458 - Chach, AE, ruler "Sochak". None
21181 #21181 - Chach, AE, ruler "Sochak". None
346764 #346764 - Chach, AE, Sochak (Satuk) None
306498 #306498 - Chach, Unknown ruler None
72486 #72486 - Chach - Lion left None
334407 #334407 - Chach AE, lion None
293313 #293313 - Chach AE, lion. None
353374 #353374 - Chach AE, lion/tamgha None
372527 #372527 - Chach AE, lion/tamgha None
388473 #388473 - Chach AE, lion/tamgha None
275911 #275911 - Chach AE, lion/tamgha. None
387826 #387826 - Chach AE, lion/tamgha. None
388688 #388688 - Chach AE, lion/tamgha. None
176973 #176973 - Chach, AE, lion left with sogdian Parn above. None
98308 #98308 - Chach, AE, ruler Sochak? None
34621 #34621 - Chach, AE, unknown ruler. None
22714 #22714 - Chach, unknown ruler with beast None
138188 #138188 - unknown ruler None
75917 #75917 - Chach, AE, Sochak, 7th-8th century AD None
309622 #309622 - Chach, Unknown ruler None
309773 #309773 - Chach, Unknown ruler None
357589 #357589 - Chach, Unknown ruler None
107114 #107114 - AE Chach ("Tarnavch") two reverses. None
239307 #239307 - Central Asia, Chach, King Tarnauch, AE None
353375 #353375 - Central Asia, Chach, King Tarnauch, AE unit, 7-8th c. None
353376 #353376 - Central Asia, Chach, King Tarnauch, AE unit, 7-8th c. None
353377 #353377 - Central Asia, Chach, King Tarnauch, AE unit, 7-8th c. None
353378 #353378 - Central Asia, Chach, King Tarnauch, AE unit, 7-8th c. None
204908 #204908 - Central Asia, Chach, King Tarnauch, AE unit, 7-8th c. AD None
292919 #292919 - Central Asia, Chach, King Tarnauch, AE unit, 7-8th c. AD None
295017 #295017 - Central Asia, Chach, King Tarnauch, AE unit, 7-8th c. AD None
313698 #313698 - Central Asia, Chach, King Tarnauch, AE unit, 7-8th c. AD None
315174 #315174 - Central Asia, Chach, King Tarnauch, AE unit, 7-8th c. AD None
345214 #345214 - Central Asia, Chach, King Tarnauch, AE unit, 7-8th c. AD None
359860 #359860 - Central Asia, Chach, King Tarnauch, AE unit, 7-8th c. AD None
359861 #359861 - Central Asia, Chach, King Tarnauch, AE unit, 7-8th c. AD None
359862 #359862 - Central Asia, Chach, King Tarnauch, AE unit, 7-8th c. AD None
359863 #359863 - Central Asia, Chach, King Tarnauch, AE unit, 7-8th c. AD None
359864 #359864 - Central Asia, Chach, King Tarnauch, AE unit, 7-8th c. AD None
374079 #374079 - Central Asia, Chach, King Tarnauch, AE unit, 7-8th c. AD None
374080 #374080 - Central Asia, Chach, King Tarnauch, AE unit, 7-8th c. AD None
387973 #387973 - Central Asia, Chach, King Tarnauch, AE unit, 7-8th c. AD None
218173 #218173 - Central Asia, Chach, King Tarnauch, AE unit, ca. 7-8th cent. AD None
195070 #195070 - Central Asia, Chach, Tarnavch, 7-8th cent. None
90512 #90512 - Chach None
255492 #255492 - Chach None
312074 #312074 - Chach AE coin None
165452 #165452 - Chach AE, Tarnavch ruler None
98561 #98561 - Chach, cast AE, ruler Tarnavch None
98313 #98313 - Chach, cast AE, ruler Tarnavch? None
116358 #116358 - Chach, cast AE, ruler Tarnavch. None
250757 #250757 - Chach, cast AE, uniface, unknown ruler. None
321499 #321499 - Chach, cast bronze unit, ruler Tarnavch None
346165 #346165 - Chach, cast bronze unit, ruler Tarnavch None
299389 #299389 - Chach, cast bronze unit, ruler Tarnavch, m/a None
299398 #299398 - Chach, cast bronze unit, ruler Tarnavch, m/a None
299479 #299479 - Chach, cast bronze unit, ruler Tarnavch, m/a None
300013 #300013 - Chach, cast bronze unit, ruler Tarnavch, m/a None
388207 #388207 - Chach unknown ruler None
20679 #20679 - Chach, AE, unknown ruler. None
185379 #185379 - Chach, AE, unknown ruler. None
39570 #39570 - Chach unknown ruler None
339733 #339733 - Chach, cast AE, onesided, unknown ruler None
116094 #116094 - Chach, cast AE, onesided, unknown ruler. None
124746 #124746 - Chach, cast AE, onesided, unknown ruler. None
388205 #388205 - Chach, cast AE, onesided, unknown ruler. None
17516 #17516 - Chach, unknown ruler None
310392 #310392 - Chach, Unknown ruler None
218172 #218172 - Central Asia, Chach, AE unit, unknown ruler. None
169349 #169349 - Chach None
36109 #36109 - Chach AE coin of a rare type. None
288949 #288949 - Chach AE, lion None
293312 #293312 - Chach AE, lion. None
281832 #281832 - Chach, AE coin None
125748 #125748 - Chach, AE Coin, uncnown ruler None
346691 #346691 - Chach, AE, Satawchar(Stwchar) None
132649 #132649 - Chach, AE, unknown ruler None
21133 #21133 - Chach, AE, unknown ruler. None
302746 #302746 - Chach, lion, unknown ruler None
345215 #345215 - Chach, lion, unknown ruler None
352153 #352153 - Chach, lion, unknown ruler None
355197 #355197 - Chach, lion, unknown ruler None
388344 #388344 - Chach, lion, unknown ruler None
333112 #333112 - Chach, lion, unknown ruler? None
21110 #21110 - Chach, Trident Tamgha, Unknown Ruler None
339713 #339713 - Shagalov/Kuznetsov "Catalogue of coins of Chach" Group 6 Type 9 None
353345 #353345 - Türk ruler of Chach None
322934 #322934 - Type 9: beast right / tamgha, ruler of Chach None
320202 #320202 - Central Asia, Chach: Ruler with winged crown None
58536 #58536 - Chach None
346510 #346510 - Chach AE, Nirtanak (Zirtanak) None
98309 #98309 - Chach, AE, Ruler with winged crown. None
387569 #387569 - Chach, Nirtanak, 7-8th cent. None
3507 #3507 - Chach: Ruler with winged crown None
308694 #308694 - Chach: Ruler with winged crown None
351291 #351291 - Chach: Ruler with winged crown None
354294 #354294 - Chach: Ruler with winged crown None
356702 #356702 - Chach: Ruler with winged crown None
98728 #98728 - Help identification Central Asia coin None
150602 #150602 - Chach AE, unknown ruler. None
354299 #354299 - Chach AE, unknown ruler. None
377206 #377206 - Chach AE, unknown ruler. None
388466 #388466 - Chach AE, unknown ruler. None
1090 #1090 - CHACH unknown ruler None
346357 #346357 - Chach, unknown ruler None
388559 #388559 - Chach, Nirtanak, 7-8th cent. None
6309 #6309 - Central Asia AE pre-Islamic coin, Chach None
59621 #59621 - Chach 3 line legend None
131517 #131517 - Chach 3 line legend None
304295 #304295 - Chach 3 line legend None
36108 #36108 - Chach AE coin of a rare type. None
311910 #311910 - Chach AE coin of a rare type. None
352155 #352155 - Chach coin None
35202 #35202 - Chach, AE with a three line legend, unknown ruler. None
309768 #309768 - Chach, AE, Unknown ruler. None
388580 #388580 - Chach, AE, Unknown ruler. None
182569 #182569 - Chach, small AE, Group 6, type 14, version 1-2, tudun ruler. None
310387 #310387 - Chach, Unknown ruler None
334371 #334371 - Chach. AE. Sogdian three line legend. None
286364 #286364 - Chach AE coin None
36111 #36111 - Chach AE coin of a rare type. None
286759 #286759 - Benakan, AE coin None
286211 #286211 - Benakan, AE coin, portrait type None
125747 #125747 - Benakan, AE coin, portrait type, uncnown ruler None
142565 #142565 - Benakan, AE, unknown ruler. None
195071 #195071 - Central Asia, Chach, Chanubek, 7-8th cent. None
339711 #339711 - Chach None
351542 #351542 - Chach Farankat , Benakan None
351543 #351543 - Chach Farankat , Benakan None
16095 #16095 - Chach - Benakan domain None
901 #901 - CHACH - City of Benakan, Stylized bust None
353153 #353153 - Chach Farankat , Benakan None
355200 #355200 - Chach Farankat , Benakan None
371514 #371514 - Chach Farankat , Benakan None
371515 #371515 - Chach Farankat , Benakan None
387414 #387414 - Chach Farankat , Benakan None
387415 #387415 - Chach Farankat , Benakan None
388117 #388117 - Chach Farankat , Benakan None
353233 #353233 - Chach Farankat Benakan bust/tamgha None
353234 #353234 - Chach Farankat Benakan bust/tamgha None
353235 #353235 - Chach Farankat Benakan bust/tamgha None
353236 #353236 - Chach Farankat Benakan bust/tamgha None
353238 #353238 - Chach Farankat Benakan bust/tamgha None
377204 #377204 - Chach Farankat, Benakan None
377205 #377205 - Chach Farankat, Benakan None
377389 #377389 - Chach Farankat, Benakan None
388449 #388449 - Chach Farankat, Benakan None
388454 #388454 - Chach Farankat, Benakan None
388460 #388460 - Chach Farankat, Benakan None
388463 #388463 - Chach Farankat, Benakan None
388471 #388471 - Chach Farankat, Benakan None
388507 #388507 - Chach Farankat, Benakan None
388560 #388560 - Chach Farankat, Benakan None
17200 #17200 - Chach, Benakan domain None
18905 #18905 - Chach, Benakan domain, ruler Shchanyabag None
368951 #368951 - Chach, Benakan domain, ruler Shchanyabag None
12965 #12965 - Chach, Farankat None
1082 #1082 - Soghdiana, portrait type, Chach None
55397 #55397 - Benakan newly discovered cash-like coin. None
324243 #324243 - Chach, AE cash, Ruler Nirt. None
211942 #211942 - Chach, Ruler Nirt AE cash. None
345229 #345229 - Chach AE, group3 type 2. None
274391 #274391 - Chach, AE, Unknown ruler. None
287058 #287058 - Chach, AE, Unknown ruler. None
17600 #17600 - Chach, domain Kanka, unidentified ruler None
311979 #311979 - Chach, domain Kanka, unidentified ruler None
12967 #12967 - Chach, Kanka None
388461 #388461 - Chach, Kanka domain, AE unit, None
388469 #388469 - Chach, Kanka domain, AE unit, None
388512 #388512 - Chach, Kanka domain, AE unit, None
388400 #388400 - Chach, Kanka domain, AE unit, unidentified ruler. None
388468 #388468 - Chach, Kanka domain, AE unit, unidentified ruler. None
16170 #16170 - Chach, Kanka, 7th-8th cent. None
185381 #185381 - Chach, Kanka, AE unknown ruler with ear-rings. None
185382 #185382 - Chach, Kanka, AE unknown ruler with long hair. None
346101 #346101 - Chach, Kanka, unknown ruler None
3391 #3391 - Chach: Domain Kanka City None
285854 #285854 - Chach. Unknown ruler. None
197212 #197212 - Chach. Kanka. None
197213 #197213 - Chach. Kanka. None
287110 #287110 - Chach. Kanka. None
293951 #293951 - Chach. Kanka. None
308693 #308693 - Chach. Kanka. None
322933 #322933 - Chach. Kanka. None
332463 #332463 - Chach. Kanka. None
346603 #346603 - Chach. Kanka. None
388110 #388110 - Chach. Kanka. None
1070 #1070 - Kai-yuan tong-bao, Central Asia finding None
125745 #125745 - Kanka, AE Coin, uncnown ruler None
175492 #175492 - Kanka, AE unknown ruler with massive ear-rings. None
106965 #106965 - Kanka, AE unknown ruler. None
36671 #36671 - Kanka, AE, unknown ruler with long hair. None
20685 #20685 - Kanka, AE, unknown ruler. None
20686 #20686 - Kanka, AE, unknown ruler. None
176974 #176974 - Kanka, AE, unknown ruler. None
346096 #346096 - Kanka, AE, unknown ruler. None
347329 #347329 - Kanka, AE, unknown ruler. None
387575 #387575 - Chach area, (Kabarna), AE, sitting king None
322935 #322935 - Chach, Kabarna, AE, Horse and Crescent type None
334102 #334102 - Kabarna, Unknown ruler, Horse facing left???? None
122331 #122331 - Chach, "Kabarna" type tamgha AE unit, Bysantine imitation None
211854 #211854 - Chach, "Kabarna" type tamgha AE unit, Byzantine style facing bust. None
271555 #271555 - Chach, "Kabarna" type tamgha AE unit, Byzantine style facing bust. None
215974 #215974 - Chach, "Kabarna" type tamgha AE unit, Byzantine type facing bust. None
1825 #1825 - Sogdiana, Chach, Domain Kabarna None
388206 #388206 - Chach area, (Kabarna), AE, sitting king None
388557 #388557 - Chach area, (Kabarna), AE, sitting king None
17707 #17707 - Chach, Kabarna domain, unknown ruler None
20741 #20741 - Chach, Kabarna domain, unknown ruler None
388119 #388119 - Chach, Kabarna domain, unknown ruler None
388126 #388126 - Chach, Kabarna domain, unknown ruler None
3389 #3389 - Chach: Kabarna Domain None
105741 #105741 - Kabarna AE, sitting king, without legends. None
182359 #182359 - Chach area, (Kabarna), AE, sitting king None
388224 #388224 - Chach area, (Kabarna), AE, sitting king None
100176 #100176 - Chach area, (Kabarna), AE, sitting king. None
270267 #270267 - Chach area, AE, Kabarna None
310458 #310458 - Chach area, City of Kabarna AE, two sitting figures/tamgha. None
324234 #324234 - Chach, Kabarna / jabguket AE, Sitting King & Queen. None
17708 #17708 - Chach, Kabarna domain, ruler Kaviradn None
367620 #367620 - Chach, Kabarna\Jabguket AE, Sitting King Queen None
271930 #271930 - Kabarna AE, Sitting King & Queen. None
339535 #339535 - Group 2 type 4, Kabarna, Jabguket AE, Pair portrait/tamgha. None
388582 #388582 - Group 2 type 4, Kabarna, Jabguket AE,Group 2 type 4, Kabarna, Jabguket AE, None
125718 #125718 - Kabarna, AE Coin, Uncnown ruler None
125717 #125717 - Kabarna, AE Coin, Unknown ruler None
197221 #197221 - Turcik rulers of Chach None
348875 #348875 - Central Asia. Chach. AE unit, Kabarna, double portrait/tamgha None
273998 #273998 - Chach, AE, Pair portrait. None
291085 #291085 - Kabarna, AE, Double portrait None
142569 #142569 - Kabarna, AE, Double portrait. None
206434 #206434 - "Kabarna" dominion. None
309625 #309625 - Chach.Тип 6. Всадник справа с женщиной и огненным алтарём None
40263 #40263 - Kabarna group2, type 6 None
319530 #319530 - Kabarna, AE, horseman and woman None
144151 #144151 - Kabarna, AE, horseman and woman/ tamgha and firealtar. None
34620 #34620 - Kabarna, AE, unknown ruler. None
195073 #195073 - Central Asia, Chach, unknown ruler, 7-8th cent. None
352104 #352104 - Central Asia, Chach,Horseman 7-8th None
323876 #323876 - Central Asia, Chach,Horseman 7-8th cent. None
352042 #352042 - Central Asia, Chach,Horseman 7-8th cent. None
371912 #371912 - Central Asia, Chach,Horseman 7-8th cent. None
371913 #371913 - Central Asia, Chach,Horseman 7-8th cent. None
387674 #387674 - Central Asia, Chach,Horseman 7-8th cent. None
273993 #273993 - Chach AE, horseman None
158256 #158256 - Chach, Horseman 7-8 Ct CE. None
12968 #12968 - Chach, Kabarna None
15633 #15633 - Chach, Kabarna principality None
346509 #346509 - Chach, Kabarna, AE. Uncnown ruler. None
299287 #299287 - CHACH: Kabarna AE, unknown ruler. None
102460 #102460 - Kabarna, AE, Horseman obverse None
243849 #243849 - Kabarna AE, Horseman and tamgha. None
285890 #285890 - Kabarna AE, Horseman and tamgha. None
388462 #388462 - Kabarna AE, Horseman and tamgha. None
103686 #103686 - Kabarna, AE, Horseman obverse None
128676 #128676 - Kabarna, AE, unknown ruler. None
44726 #44726 - Chach-principality of Kabarna, cast AE. None
16480 #16480 - Chach, Kabarna domain None
29607 #29607 - Chach, Kabarna domain, unknown ruler. None
181277 #181277 - Chach, Kabarna domain, unknown ruler. None
293400 #293400 - Chach, Kabarna domain, unknown ruler. None
388467 #388467 - Chach, Kabarna domain, unknown ruler. None
105742 #105742 - Chach, Kabarna, AE. Uncnown ruler. None
240189 #240189 - Chach, Kabarna, AE, Horse and Crescent type None
298861 #298861 - Chach, Kabarna, AE, Horse and Crescent type None
313696 #313696 - Chach, Kabarna, AE, Horse and Crescent type None
323415 #323415 - Chach, Kabarna, AE, Horse and Crescent type None
324702 #324702 - Chach, Kabarna, AE, Horse and Crescent type None
352043 #352043 - Chach, Kabarna, AE, Horse and Crescent type None
346512 #346512 - Chach, Kabarna, AE. Unknown ruler. None
138197 #138197 - Kabarna AE unknown ruler None
322638 #322638 - Kabarna AE unknown ruler None
150853 #150853 - AE, Turk ruler of Chach. None
182109 #182109 - Chach, AE, Ruler Tyurkesh. None
333570 #333570 - The Turkic Ruler of Chach, Different bust? None
293655 #293655 - The Turkic ruler of Chach. None
333377 #333377 - The Turkic ruler of Chach. None
301848 #301848 - Türk ruler of Chach None
346968 #346968 - Türk ruler of Chach None
353282 #353282 - Türk ruler of Chach None
230992 #230992 - AE Double-Portrait None
58221 #58221 - AE with double portrait, cross above tamgha. None
141337 #141337 - AE with double portrait, cross above tamgha. None
35220 #35220 - Chach AE coin None
16169 #16169 - Chach, Chanak?, 7th-8th cent. None
330564 #330564 - Chach, Pair portrait w. additional tamgha, 7-8th Ct AD, 22mm, 2.35g (broken) None
15171 #15171 - Chach, Principality of Chanak?, ca AD 600-750. None
140799 #140799 - Chach, Unk. Principality I None
39967 #39967 - Chach, unknown domain, double portrait AE coin. None
292750 #292750 - Chach, unknown domain, double portrait, tamgha with cross None
39966 #39966 - Chach, unknown domain, double portrait, tamgha with cross. None
185380 #185380 - Chach, unknown domain, double portrait, tamgha with cross. None
290947 #290947 - Chach, Unknown principality , coins with double portrait None
292446 #292446 - Chach, Unknown principality , coins with double portrait None
292821 #292821 - Chach, Unknown principality , coins with double portrait None
292873 #292873 - Chach, Unknown principality , coins with double portrait None
293867 #293867 - Chach, Unknown principality , coins with double portrait None
310397 #310397 - Chach, Unknown principality , coins with double portrait None
347477 #347477 - Chach, Unknown principality , coins with double portrait None
182358 #182358 - Chach, Unknown principality I, coins with double portrait None
22675 #22675 - Chach, unknown principality, double portrait type None
22676 #22676 - Chach, unknown principality, double portrait type None
304297 #304297 - Chach, unknown principality, double portrait type None
313697 #313697 - Chach, unknown principality, double portrait type None
333211 #333211 - Chach, unknown principality, double portrait type None
333212 #333212 - Chach, unknown principality, double portrait type None
353229 #353229 - Chach, unknown principality, double portrait type None
351096 #351096 - Chach, unknown principality, double portrait type None
351097 #351097 - Chach, unknown principality, double portrait type None
353373 #353373 - Chach, unknown principality, double portrait type None
388420 #388420 - Chach, unknown principality, double portrait type None
140806 #140806 - Chach: Anonymous (750-800AD) AE Double-Portrait Unit None
348308 #348308 - Group 5 type 1, Chach, Unknown principality , coins with double portrait. None
1439 #1439 - Sogdiana, Chach, unknown principality, portrait type None
98312 #98312 - Unknown principality I, coins with double portrait None
388122 #388122 - Сhach, unknown principality, double portrait type None
293868 #293868 - Chach AE, Group 7, type 1. None
292704 #292704 - Chach AE, unknown ruler. None
296672 #296672 - Chach AE. anonymous. None
309765 #309765 - Chach group 7, AE coin, portrait/tamgha with legend. None
310396 #310396 - Chach, Unknown ruler. None
21182 #21182 - Chach, AE, unknown principality. None
142114 #142114 - Chach, AE, unknown principality. None
215278 #215278 - Chach, AE, Unknown ruler. None
306933 #306933 - Chach, AE, Unknown ruler. None
332460 #332460 - Chach, Unknown ruler None
332462 #332462 - Chach, Unknown ruler None
346295 #346295 - Chach, Unknown ruler. None
355201 #355201 - Chach, Unknown ruler. None
3386 #3386 - Chach: Unusual tamgha None
364369 #364369 - Central Asia AE unit, with name Farnbag None
387824 #387824 - Chach group 8, camel/square. None
388164 #388164 - Chach group 8, camel/square. None
286754 #286754 - Chach, unknown domain, with camel None
309623 #309623 - Chach, unknown domain, with camel None
334798 #334798 - Chach, unknown domain, with camel None
353372 #353372 - Chach, unknown domain, with camel None
22710 #22710 - Chach, unknown domain, with camel and name Farnbag None
132485 #132485 - Chach, unknown domain, with camel and name Farnbag None
3394 #3394 - Chach: with name Farnbag None
138305 #138305 - Chach: with name Farnbag None
326280 #326280 - Unknown issuer, Obverse Camel AE Cash with romb tamgha on rev. None
108020 #108020 - Unknown principality AE None
138304 #138304 - Unknown principality AE, Chach gr 9. None
93871 #93871 - Unknown principality in Chach area None
20688 #20688 - Unknown principality in Chach area. None
345212 #345212 - Unknown principality in Chach area. None
371863 #371863 - Unknown principality in Chach area. None
387720 #387720 - Unknown principality in Chach area. None
34619 #34619 - Unknown principality, AE, Chach area. None
35920 #35920 - Smirnova 1365, AE, unknown kaghan. None
195054 #195054 - Smirnova 1365, AE, unknown kaghan. None
286000 #286000 - Smirnova 1365, AE, unknown kaghan. None
343693 #343693 - Unknown kaghan None
368010 #368010 - Unknown kaghan None
20698 #20698 - Unknown ruler to the north of Jaxartes. None
310410 #310410 - Unknown kaghan of Chach None
16575 #16575 - Unknown Khakan of Chach None
54639 #54639 - unknown khakan of Chach None
76180 #76180 - Unknown Khakan of Chach None
76181 #76181 - Unknown Khakan of Chach None
144549 #144549 - Unknown Khakan of Chach None
154907 #154907 - Unknown Khakan of Chach None
284236 #284236 - Unknown Khakan of Chach None
37356 #37356 - Unknown Khakan of Chach. None
213031 #213031 - Unknown qaqhan of Chach. None
980 #980 - AE Soghdian, "Er Tigin" type None
16989 #16989 - Chach, Er Tegin None
318554 #318554 - Sogdiana/Chach AE coin, "Er Tegin" None
144584 #144584 - Chach AE coin, fake None
359096 #359096 - Novel Ferghana AE coin None
127887 #127887 - Anonymous kaghan of Ferghana, AE cash. None
204236 #204236 - Anonymous Khakan of Ferghana, VII-VIII cen. None
299345 #299345 - Anonymous Khakan of Ferghana, VII-VIII cen. None
68317 #68317 - Anonymous Khakan of Ferghana. None
15829 #15829 - Anonymous Khakans 7-8 centuries AD None
339458 #339458 - Ferghana AE, Anonymous Khagans. None
331732 #331732 - Ferghana, AE cash, anonymous. None
280297 #280297 - FERGHANA: AE cash, Anonymous Khagans. None
347494 #347494 - Soghd AE coin, Anonymous Khakan of Ferghana. None
39965 #39965 - Unlisted type of Ferghana cash-like AE coin. None
16987 #16987 - Anonymous Khakan of Ferghana None
324245 #324245 - Ferghana AE cash None
87731 #87731 - AE cash None
277428 #277428 - AE cash None
186897 #186897 - AE, East Soghd/Ferghana? None
355062 #355062 - Chach area, uninscribed AE:s, None
355063 #355063 - Chach area, uninscribed AE:s, None
355064 #355064 - Chach area, uninscribed AE:s, None
285140 #285140 - Chach area, uninscribed AE:s, unknown ruler. None
291431 #291431 - Chach area, uninscribed AE:s, unknown ruler. None
40231 #40231 - Early islamic coin. Chach None
252297 #252297 - Early islamic coin. Chach None
259035 #259035 - Early islamic coin. Chach with c\m None
175296 #175296 - Early Islamic fals None
292685 #292685 - ja'iz bi-dirham None
40182 #40182 - Unresearched Soghdian AE cast coin. None
327967 #327967 - Ancient Turkic coin, Otrar None
9683 #9683 - Central Asia AE coin, (Otrar), Turgesh's tamgha None
3388 #3388 - Chach: City of Otrar None
299540 #299540 - City of Otrar . AE coin, lion\turgesh's tamgha None
300987 #300987 - City of Otrar . AE coin, lion\turgesh's tamgha None
227830 #227830 - City of Otrar, bronze coin, lion/tamgha, Smirnova 1580, heavy sample None
227831 #227831 - City of Otrar, bronze coin, lion/tamgha, Smirnova 1580, light sample None
8949 #8949 - City of Otrar, Smirnova 1580 None
284407 #284407 - City of Otrar, unknown ruler None
285142 #285142 - City of Otrar, unknown ruler None
286530 #286530 - City of Otrar, unknown ruler None
287232 #287232 - City of Otrar, unknown ruler None
301206 #301206 - City of Otrar, unknown ruler None
284408 #284408 - City of Otrar. AE coin , lion/turgesh's tamgha None
285141 #285141 - City of Otrar. AE coin , lion/turgesh's tamgha None
275472 #275472 - City of Otrar. AE coin, lion/turgesh's tamgha None
283705 #283705 - City of Otrar. AE coin, lion/turgesh's tamgha None
138233 #138233 - City Otrar None
322197 #322197 - Coin with a paired portrait of the city of Otrar None
327971 #327971 - Otrar 7-8th century None
171658 #171658 - Otrar AE coin with Runic letters None
39561 #39561 - Otrar AE coin with Runic letters. None
212783 #212783 - Otrar, AE coin, unknown ruler None
20482 #20482 - Otrar, AE coin, unknown ruler. None
152530 #152530 - Otrar, AE coin, unknown ruler. None
189831 #189831 - Otrar, AE22, unknown ruler. None
127498 #127498 - Otrar, Turgesh's tamgha None
155052 #155052 - Otrar, unknown Tamga None
328144 #328144 - Otrar, unknown Tamga, Lion None
16328 #16328 - S1580, Otrar AE coin None
330225 #330225 - Sogdiana, Otrar. Circa 700-800 AD None
280021 #280021 - AE cash, Arabic ? legend, Semirech'ye None
277397 #277397 - AE cash, Semirech'e, two tamghas None
273092 #273092 - AE Turgesh coin None
277427 #277427 - Coin of Semirech'e? None
378168 #378168 - Karahanid.com - Александр Камышев None
268480 #268480 - Please help ID None
312691 #312691 - Semirech'e AE cash-like coin, Turgesh Khaganate. None
321951 #321951 - Semirech'e, AE cash, rev. 4 tamghas. Unpublished. None
261700 #261700 - Semirechie, AE cash, Unknown Kaqan. None
292706 #292706 - Semirechie, AE, Unknown Kaqan. None
135144 #135144 - Turgesh AE cash, unknown ruler None
326444 #326444 - Hoard of two Turgesh AE Cash None
256514 #256514 - Semirech'e Turgesh seal "n'w(y) prn" None
256515 #256515 - Semirech'e Turgesh seal, tamgha-like sign None
223681 #223681 - Turgesh bronze face mask-object - ca 8th Century None
327084 #327084 - Turgesh, Late period cast, Closed hole None
236364 #236364 - AE Central Asia Turgesh's cash coins None
292688 #292688 - AE Central Asia Turgesh's cash coins None
293230 #293230 - AE Central Asia Turgesh's cash coins None
307662 #307662 - AE Central Asia Turgesh's cash coins None
307661 #307661 - AE Central Asia Turgesh's cash coins a stack of coins in the amount of 23 pieces None
48339 #48339 - AE Turgesh coin None
48340 #48340 - AE Turgesh coin None
48341 #48341 - AE Turgesh coin None
48342 #48342 - AE Turgesh coin None
138822 #138822 - AE Turgesh coin None
138823 #138823 - AE Turgesh coin None
268477 #268477 - AE Turgesh coin None
268478 #268478 - AE Turgesh coin None
268479 #268479 - AE Turgesh coin None
273095 #273095 - AE Turgesh coin None
273096 #273096 - AE Turgesh coin None
287761 #287761 - AE Turgesh coin None
131295 #131295 - Central Asia Turgesh's cash coins None
218164 #218164 - Central Asia, Semirech'e, Türgesh kaghans in Semirech'e None
218174 #218174 - Central Asia, Semirech'e, Türgesh kaghans in Semirech'e None
246692 #246692 - Central Asia, Semirech'e, Türgesh kaghans in Semirech'e None
229758 #229758 - Central Asia. (Sulu 蘇祿) Türgesh qaghan, 712?-737/8 None
208002 #208002 - S 1589. (Sulu 蘇祿) Türgesh qaghan, 712?-737/8 None
219191 #219191 - S#1589, Central Asia, Turgesh, cash-like coin None
219192 #219192 - S#1589, Central Asia, Turgesh, cash-like coin None
219559 #219559 - S#1589, Central Asia, Turgesh, cash-like coin None
256607 #256607 - S#1589, Central Asia, Turgesh, cash-like coin None
280415 #280415 - S#1589, Central Asia, Turgesh, cash-like coin None
388667 #388667 - S#1589, Central Asia, Turgesh, cash-like coin None
33693 #33693 - S#1589, Central Asia, Turgesh, cash-like coin, m/a None
33694 #33694 - S#1589, Central Asia, Turgesh, cash-like coin, m/a None
189825 #189825 - S#1589, Central Asia, Turgesh, cash-like coin, m/a None
189826 #189826 - S#1589, Central Asia, Turgesh, cash-like coin, m/a None
189860 #189860 - S#1589, Central Asia, Turgesh, cash-like coin, m/a None
192869 #192869 - S#1589, Central Asia, Turgesh, cash-like coin, m/a None
192870 #192870 - S#1589, Central Asia, Turgesh, cash-like coin, m/a None
219560 #219560 - S#1589, Central Asia, Turgesh, cash-like coin, small None
280361 #280361 - S#1589, Central Asia, Turgesh, cash-like coin, small None
6315 #6315 - S1589 Central Asia AE coin, Turgesh None
6316 #6316 - S1589 Central Asia AE coin, Turgesh None
6317 #6317 - S1589 Central Asia AE coin, Turgesh None
1470 #1470 - S1589 Central Asia, Türgesh cash-like coin None
1359 #1359 - S1589 Central Asia, Türgesh cash-like coin, XF None
353451 #353451 - Semirech' e Turgesh cash None
256250 #256250 - Semirech'e Turgesh (Sulu 蘇祿) Türgesh qaghan, 712?-737/8 None
328571 #328571 - Semirech'e Turgesh AE cash-like coin. Big size. None
329314 #329314 - Semirech'e Turgesh heavy AE cash-like coin. None
198732 #198732 - Semirech'e, AE anonymous, narrow Türgesh tamgha. None
377880 #377880 - Semirech'e, Suluk Khagan, Turgesh Confederation, 712-738 AD, AE, filed edges None
71774 #71774 - Semirech'e, Turgesh AE cash None
89783 #89783 - Semirech'e, Turgesh AE cash None
112920 #112920 - Semirech'e, Turgesh AE cash None
75664 #75664 - Semirech'e, Turgesh cash None
185372 #185372 - Semirech'e, unknown khakan of Turgeshs, 1st half of 8th cent. AD., AE Cash-like Coin None
185373 #185373 - Semirech'e, unknown khakan of Turgeshs, 1st half of 8th cent. AD., AE Cash-like Coin, filed edges None
322582 #322582 - Semirech’e Turgesh AE cash-like coin None
322580 #322580 - Semirech’e Turgesh AE cash-like coin, heavy. Stolen None
322573 #322573 - Semirech’e Turgesh AE cash-like coin. Stolen None
110499 #110499 - Semireché, AE anonymous,round hole, Turgesh kaghan. None
321852 #321852 - Semireche, Turgesh cash None
321853 #321853 - Semireche, Turgesh cash None
321947 #321947 - Semireche, Turgesh cash None
321948 #321948 - Semireche, Turgesh cash None
327159 #327159 - Semireche, Turgesh cash None
327160 #327160 - Semireche, Turgesh cash None
327287 #327287 - Semireche, Turgesh cash None
316983 #316983 - Semireche, Turgesh cash-like coin None
333336 #333336 - Semireche, Turgesh cash. AE. Tamgha or runic letter? None
224990 #224990 - Semirechie, AE cash, Unknown Kaqan. None
186447 #186447 - Sogdiana, Turgis coinage, c. 730 None
308343 #308343 - Türgesh AE cash None
21528 #21528 - Turgesh AE cash coin None
68771 #68771 - Turgesh AE coin None
19519 #19519 - Turgesh cash None
29494 #29494 - Turgesh cash None
36039 #36039 - Türgesh cash-like AE coin None
239010 #239010 - Türgesh kaghans in Semirech'e None
327146 #327146 - Türgesh Khaganate of Semirech’e, anonymous (circa 704-766) None
327147 #327147 - Türgesh Khaganate of Semirech’e, anonymous (circa 704-766) None
243599 #243599 - Turgesh qaghan None
329093 #329093 - Türgesh qaghan, 712?-737/8 None
29463 #29463 - Turgiskhanate coin None
29464 #29464 - Turgiskhanate coin None
29465 #29465 - Turgiskhanate coin None
29466 #29466 - Turgiskhanate coins None
29467 #29467 - Turgiskhanate coins None
29468 #29468 - Turgiskhanate coins None
29469 #29469 - Turgiskhanate coins None
29470 #29470 - Turgiskhanate coins None
306590 #306590 - Unusual Semirech’e Turgesh AE cash-like coin None
167967 #167967 - AE Turgesh coin None
273093 #273093 - AE Turgesh coin None
273094 #273094 - AE Turgesh coin None
146051 #146051 - AE Turgesh coin, degraded cast None
327152 #327152 - Semirech’e Turgesh AE None
327161 #327161 - Semirech’e Turgesh AE None
327162 #327162 - Semirech’e Turgesh AE None
43587 #43587 - Semirechie, unknown khakan of Turgeshs, 1st half of 8th cent. AD. None
265653 #265653 - Turgesh AE cash None
194357 #194357 - Turgesh, cash-like coin None
205150 #205150 - Undetermined Qaghan of the Türgesh None
209188 #209188 - AE cash None
183993 #183993 - AE cash, Kyrgyzstan None
48343 #48343 - AE Turgesh coin None
326121 #326121 - One-sided Turgesh AE Cash (?), Obverse Script needs Reading None
195908 #195908 - Semirech´e one-sided None
195911 #195911 - Semirech´e one-sided None
195912 #195912 - Semirech´e one-sided None
195913 #195913 - Semirech´e one-sided None
195915 #195915 - Semirech´e one-sided None
250621 #250621 - Semirech´e one-sided None
253430 #253430 - Semirech´e one-sided None
185374 #185374 - Semirech'e, unknown khakan of Turgeshs, 1st half of 8th cent. AD., small cast uniface AE Cash-like Coin None
327153 #327153 - Semirech’e Turgesh AE None
327154 #327154 - Semirech’e Turgesh AE None
327156 #327156 - Semirech’e Turgesh AE None
327179 #327179 - Semirech’e Turgesh AE None
328293 #328293 - Semirech’e Turgesh AE None
190504 #190504 - Sogdiana, Semirech'e, unknown small bronze cash None
256606 #256606 - Sogdiana, Semirech'e, unknown small bronze cash None
327150 #327150 - Türgesh None
265648 #265648 - Turgesh AE cash None
265652 #265652 - Turgesh AE cash None
122194 #122194 - Turgesh, AE, one-sided. None
265650 #265650 - Turgesh, later type None
244241 #244241 - Non-legible legend or anepigraphic one-sided coin. None
195914 #195914 - Semirech´e one-sided None
195916 #195916 - Semirech´e one-sided None
195917 #195917 - Semirech´e one-sided None
122116 #122116 - Turgesh Qaghante, AE, with add. tamga, None
260161 #260161 - Central Asia, bronze cash, Turgesh's tamgha, runic character 'R' and ?? None
221032 #221032 - Central Asia, bronze cash, Turgesh's tamgha, runic character 'R' and prn None
259925 #259925 - Central Asia, bronze cash, Turgesh's tamgha, runic character 'R' and prn None
287783 #287783 - Central Asia, bronze cash, Turgesh's tamgha, runic character 'R' and prn None
9305 #9305 - S1586 Central Asia AE coin, Turgesh's tamgha, runic character 'R' None
1768 #1768 - S1586 Sogdiana Semirechie Turgesh None
306589 #306589 - Semirech'e AE cash-like coin, Small size Turgesh's tamgha, runic character 'R' and prn None
310413 #310413 - Semirech'e AE cash-like coin, Small size Turgesh's tamgha, runic character 'R' and prn None
329515 #329515 - Semirech'e Turgesh AE cash-like coin with additional tamghas. None
101716 #101716 - Semirech'e, Turgesh AE cash None
281909 #281909 - turgesh None
192213 #192213 - Turgesh AE coin, "runic R"-tamgha None
270341 #270341 - Turgesh cash-like coin with Runic "R" and Soghdian word None
39562 #39562 - Turgesh cash-like coin with Runic "R" and Soghdian word. None
163465 #163465 - What's ruler? None
64323 #64323 - AE coin, Turgesh kaghanate. None
281908 #281908 - Big Turgesh None
265922 #265922 - S#1588 Central Asia, bronze cash, Turgesh's tamgha, runic character 'R', heavy None
189827 #189827 - S#1588 Central Asia, bronze cash, Turgesh's tamgha, runic character 'R', heavy, m/a None
189828 #189828 - S#1588 Central Asia, bronze cash, Turgesh's tamgha, runic character 'R', heavy, m/a None
9955 #9955 - S1588 Turgesh AE coin, "runic R"-tamgha None
197707 #197707 - S1588, Turgesh AE cash, Additional "runic R"-tamgha, mnγ None
240151 #240151 - Semirechie, AE big Cash, Kam. #23. None
315547 #315547 - Turgesh AE coin, "runic R"-tamgha None
138294 #138294 - Turgesh AE coin, "runic R"-tamgha None
298678 #298678 - Turgesh AE coin, "runic R"-tamgha None
239181 #239181 - Semirech'e Turgesh AE cash None
308246 #308246 - Semirech'e Turgesh AE cash None
315546 #315546 - Semirech'e Turgesh AE cash None
281913 #281913 - turgesh None
139994 #139994 - Turgesh AE cash None
48344 #48344 - AE Turgesh coin with "R"-tamgha None
189862 #189862 - K#30 Central Asia, bronze cash, Turgesh's tamgha, runic character 'R', m/a None
1767 #1767 - K30 Semirech'e AE coin None
3506 #3506 - K30 Semirechie AE coin None
1766 #1766 - K30, possibly unpublished location of runic letter "R" None
124650 #124650 - Turgesh coin with tamgha and additional runic letter ‘R' None
122146 #122146 - Turgesh Khanate Semirich'e AE Unit None
42008 #42008 - Turgesh Rev.runic None
371668 #371668 - ruler Wahshutawa. Two coin-coin twins None
219750 #219750 - S#1585, Central Asia, Turgesh, cash-like coin of ruler Wahshutawa, rev. 元 Yuan None
231600 #231600 - S#1585, Central Asia, Turgesh, cash-like coin of ruler Wahshutawa, rev. 元 Yuan None
380830 #380830 - S#1585, Central Asia, Turgesh, cash-like coin of ruler Wahshutawa, rev. 元 Yuan None
14 #14 - S1585 AE Semirechie Vahshutava RRR None
12058 #12058 - S1585 Turgesh AE coin, "runic R"-tamgha, word 'Yuan' None
134041 #134041 - Semirech'e, Turgesh: Wahshutawa (8th c.) AE Cash (Kamyshev-21) None
131703 #131703 - Semireché, AE, ruler Vahshutava. None
146049 #146049 - Semireché, Vahshutava None
14279 #14279 - Turgesh AE coin, "runic R"-tamgha, character "Yuan" None
29519 #29519 - Turgesh AE coin, "runic R"-tamgha, character "Yuan" None
152380 #152380 - Turgesh AE, Vahshutava. None
354093 #354093 - Turgesh coin of ruler Wahshutawa, with "Yuan". None
76172 #76172 - Turgesh coin of ruler Wahshutawa, with "Yuan" None
48459 #48459 - Turgesh coin of ruler Wahshutawa, with "Yuan". None
37836 #37836 - Tyurgesh coin of ruler Wahshutawa, with "Yuan". None
189830 #189830 - S#1586 Central Asia, bronze cash, Turgesh, Wahshutawa, m/a None
164374 #164374 - S1586 Sogdiana Semirechie Turgesh None
270411 #270411 - Semirechie, AE cash. Kamyshev # 38 None
141054 #141054 - Turgesh, AE, King Vahshutava. None
209778 #209778 - Turgesh's tamgha, runic character 'R'. Small None
37818 #37818 - Tyurgesh coin of ruler Wahshutawa, with Soghdian word. None
258296 #258296 - Wahshutawa None
209687 #209687 - Alp-taga, rev. w. Turgesh tamgha, Runic R and Chinese 元 None
137536 #137536 - Arslanid AR seal, Lion and tamgha None
223133 #223133 - SEMIRECH'E: Arslanid, 7th/8th century, AE imitative cash. None
219315 #219315 - Semirechie, AE, Arslanid imitation? None
25614 #25614 - Arslan Bilge-qaghan None
121668 #121668 - Arslands King Arslan Kul-Yirkin None
52720 #52720 - Arslanid AE cash None
245254 #245254 - Arslanid, Kul Erkin None
245255 #245255 - Arslanid, Kul Erkin None
245256 #245256 - Arslanid, Kul Erkin None
245258 #245258 - Arslanid, Kul Erkin None
245253 #245253 - Arslanids, Arslan Kul Erkin None
122190 #122190 - Arslanids, AE, Arslan Kul-Yirkin. None
223313 #223313 - Arslanids, bronze cash, Arslan Kul Erkin None
245065 #245065 - Arslanids, bronze cash, Arslan Kul Erkin None
256580 #256580 - Arslanids, bronze cash, Arslan Kul Erkin None
287779 #287779 - Arslanids, bronze cash, Arslan Kul Erkin None
354092 #354092 - Arslanids, bronze cash, Arslan Kul Erkin None
5956 #5956 - Central Asia, bronze coin, Turgesh/Arslanid None
121305 #121305 - Central Asia, Semirech'e, bronze coin, Turgesh/Arslanid None
223140 #223140 - Kam-45, SEMIRECH'E: AE cash, Arslan Kul Erkin. None
130128 #130128 - Semirech'e AE cash-like coin, Arslands King Arslan Kul-Yirkin. None
198734 #198734 - Semirech'e, AE, King Arslan Kul-Yirkin. None
216063 #216063 - SEMIRECH'E, Arslanid, AE cash, Kul Erkin. None
324401 #324401 - Arslan Irkin, Turgesh's tamgha, runic character 'R' None
197475 #197475 - Arslan Irkin, Turgesh's tamgha, runic character 'R' None
52721 #52721 - Arslanid AE cash None
193071 #193071 - S#1586 Central Asia, bronze cash, Turgesh's tamgha, runic character 'R' None
209434 #209434 - S#1586 Central Asia, bronze cash, Turgesh's tamgha, runic character 'R' None
339159 #339159 - S#1586 Central Asia, bronze cash, Turgesh's tamgha, runic character 'R' None
5955 #5955 - S1586 Central Asia, bronze coin, Turgesh None
20696 #20696 - Turgesh kaghanate, AE, king Inal-Tegin. None
298439 #298439 - Turgesh kaghanate, AE, king Inal-Tegin. None
301207 #301207 - Turgesh kaghanate, AE, king Inal-Tegin. None
258297 #258297 - Arslan Irkin, inverted legend None
52722 #52722 - Arslanid AE cash None
5957 #5957 - Central Asia, bronze coin, Turgesh None
1740 #1740 - K37 Semirechie, Turgesh's AE coin None
193070 #193070 - S#1586 Central Asia, bronze cash, Turgesh's tamgha, runic character 'R', light None
126089 #126089 - Semirech'e, Arslanid imitation of Kai Yuan TB. None
319237 #319237 - Semirech'e, Arslanids AE, Arslan Bilge Qaghan. None
225720 #225720 - Semirechie, Arslanides bronze cash, Arslan Bilge Kaghan. None
224044 #224044 - Semirechie, Arslanides bronze cash, Arslan Bilge Kaghan. None
218184 #218184 - Semirech'e, Ashina dynasty, Bilge Qagan. None
122191 #122191 - Arslanid AE coin. None
22477 #22477 - Semireché, AE, Arslan Bilge Kaghan. None
5196 #5196 - Central Asia, bronze coin, Arslanid None
3502 #3502 - Semirechie Arslanid None
1741 #1741 - Central Asia, Arslanid's AE coin None
1033 #1033 - Semirechie - Arslanids None
268891 #268891 - Arslan Bilge Qaghan, inverted legend None
1742 #1742 - Central Asia, Arslanid's AE coin None
144100 #144100 - Central Asia, Arslanid's AE coin None
223139 #223139 - Kam-47, SEMIRECH'E, AE cash, Arlsan Bilge Qaghan None
323048 #323048 - Semirech'e Arslanids AE cash-like coin. None
198733 #198733 - Semirech'e, AE, Arslan Bilge Kaghan. None
294294 #294294 - Semirechie, Arslanides bronze cash, Arslan Bilge Kaghan, retrograde legend None
120731 #120731 - Arslanid: Qarluq AE None
142558 #142558 - Qarluk Qaghanate, NM, ND, ‘Coin of the Qaghan of the Qarluks’ None
46265 #46265 - Qarluq AE coin, unique recent finding None
70019 #70019 - Qarluq AE coin. None
122118 #122118 - Qarluq Qaghanate, AE, small size. None
312325 #312325 - Semirech'e AE cash-like coin, Qarluq Qaghanate. None
215817 #215817 - Semirech'e AE cash-like coin, Qarluq Qaghanate.- None
292307 #292307 - Semirech'e, Qarluq Branch, 8th century, AE cash None
223141 #223141 - SEMIRECH'E: AE cash, Qarluq Qaghan Kobak. None
194317 #194317 - SEMIRECH'E: Qarluq Branch, 8th century, AE cash. None
228049 #228049 - Semirech'ye, bronze cash, Qarluq Qaghan Kobak None
228084 #228084 - Semirech'ye, bronze cash, Qarluq Qaghan Kobak None
71530 #71530 - Inal Tegin.Turgesh cash type coin: Kamyshev #34 None
122117 #122117 - Qarluq Qaghanate [Taraz?], AE, Inal Tegin, large size. None
122192 #122192 - Semerech'e AE coin. King Inal-Tegin. None
130129 #130129 - Semerech'e, AE coin. King Inal-Tegin. None
303751 #303751 - Semirech'e AE cash-like coin. King Inal-Tegin. None
123063 #123063 - Semirech'e Turgesh Khanate King Inal-tegin Mid. 8th cent. None
216064 #216064 - SEMIRECH'E: AE cash, Inal-Tegin. None
324248 #324248 - Semirechie, Inal-Tegin AE cash, Kam. #34 None
327844 #327844 - Semirechie, Inal-tegin, AE cash None
220903 #220903 - Semirechie, Inal-tegin, AE cash, Kam. #34 None
322572 #322572 - AE cash, Semirech'e, Yarug-kadin None
203363 #203363 - AE cash, Semirech'e, Yarug-kadin(?) None
275661 #275661 - AE cash, Semirech'e, Yarug-kadin(?) None
230312 #230312 - Sogdiana, small bronze cash, Tukhus tribe, fraction? None
260151 #260151 - Sogdiana, small bronze cash, Tukhus tribe, plain reverse None
326892 #326892 - AE cash, Semirech'e None
327149 #327149 - AE cash, Semirech'e None
48345 #48345 - AE Tukhus coin None
48346 #48346 - AE Tukhus coin None
354458 #354458 - Ex. "Tukhus" AE cash, imitation? None
223138 #223138 - Kam-39, SEMIRECH'E AE cash, Oghitmish. None
223037 #223037 - Oghitmish None
205153 #205153 - Oğitmiş Gubu None
16171 #16171 - Semirech´e, Tukhuse AE cash, from the 730s. None
171822 #171822 - Semirech'e AE cash, Oghitmish None
313950 #313950 - Semirech'e AE fractional cash, Oghitmish. None
327963 #327963 - SEMIRECH'E: AE cash, Tukhus, None
251392 #251392 - SEMIRECH'E: AE cash, Tukhus, Oghitmish. None
22476 #22476 - Semireché, AE, Tukhus. None
171766 #171766 - Semireché, AE, Tukhus. None
219174 #219174 - Sogdiana, small bronze cash, Tukhus tribe None
228930 #228930 - Sogdiana, small bronze cash, Tukhus tribe None
230203 #230203 - Sogdiana, small bronze cash, Tukhus tribe None
230311 #230311 - Sogdiana, small bronze cash, Tukhus tribe None
29486 #29486 - Sogdiana, Tukhuse Tribe cash None
29487 #29487 - Sogdiana, Tukhuse Tribe cash None
29488 #29488 - Sogdiana, Tukhuse Tribe cash None
29489 #29489 - Sogdiana, Tukhuse Tribe cash None
29490 #29490 - Sogdiana, Tukhuse Tribe cash None
29492 #29492 - Sogdiana, Tukhuse Tribe cash None
29493 #29493 - Sogdiana, Tukhuse Tribe cash None
3505 #3505 - Sogdiana: Tukhuse tribe None
15831 #15831 - Sogdiana: Tukhuse tribe None
121667 #121667 - Tukhus None
130782 #130782 - Tukhus AE cash None
48457 #48457 - Tukhus AE Coin None
152387 #152387 - Tukhus AE, "Ogitmis gubu". None
47154 #47154 - Tukhus tribe cash. None
243885 #243885 - Turgesh Khaganate. Ex. "Tukhus" tribes. None
244019 #244019 - Turgesh Khaganate. Ex. "Tukhus" tribes. Middle size. None
282465 #282465 - AE cash, Bitmish None
327141 #327141 - AE cash, Semirech'e None
326574 #326574 - AE Tukhus, Bitmish, Kam-43 None
223137 #223137 - Kam-43, SEMIRECH'E AE cash, Bitmish. None
327693 #327693 - Semirech'e Ex-Tukhus, AE cash-like coin, Batmish. None
327694 #327694 - Semirech'e Ex-Tukhus, AE cash-like coin, Batmish. None
322581 #322581 - Semirech'e Ex-Tukhus, Batmish AE cash-like coin. Tamgha left from hole. Kam#43. Stolen None
170399 #170399 - Semirech'e, AE Tukhus, Batmish/Pitmis, Kam 43. None
285779 #285779 - Semirech'e, tiny cash without hole, one-sided, "Tukhus" type 2-tamgha None
2665 #2665 - Semirechie, Trident tamga is on the left side of square hole None
243517 #243517 - Ex-Tukhus tribes. Very small coin. None
229763 #229763 - Oghitmai None
320300 #320300 - Oğîtmai ğubu None
273091 #273091 - Semirech'e AE cash, Oghitmish None
326877 #326877 - Semirech'e, Legend on both sides, A late stage specimen with drilled hole instead of fully processed hole None
361994 #361994 - Semirech'e, Tukhuses, Oghitmai None
309008 #309008 - Semirechie, AE Cash, Tukhus tribe None
356189 #356189 - Semirechye, Tukhuses AE. Kamyshev 42 None
190502 #190502 - Sogdiana, small bronze cash, Tukhus tribe None
190503 #190503 - Sogdiana, small bronze cash, Tukhus tribe None
228444 #228444 - Sogdiana, small bronze cash, Tukhus tribe None
228804 #228804 - Sogdiana, small bronze cash, Tukhus tribe None
29491 #29491 - Sogdiana, Tukhuse Tribe cash None
48458 #48458 - Tukhus AE Coin None
327964 #327964 - Tukhus AE Coin None
56521 #56521 - Soghd, AE cash, General Ir Chor Irti (?) None
130783 #130783 - Soghd, AE cash, General Ir Chor Irti (?) None
269231 #269231 - Soghd, AE cash, General Ir Chor Irti (?) None
339463 #339463 - Yaghlaqar clan AE, Unknown ruler. None
46641 #46641 - Yaghlaqar clan of Türks, unknown ruler None
46642 #46642 - Yaghlaqar clan of Türks, unknown ruler None
199599 #199599 - Yaghlaqar clan of Türks, unknown ruler None
206329 #206329 - Yaghlaqar clan of Türks, unknown ruler None
223398 #223398 - Yaghlaqar clan of Türks, unknown ruler None
144142 #144142 - Yaghlaqar clan of Türks, unknown ruler None
192620 #192620 - Yaghlaqar clan of Türks, unknown ruler None
197326 #197326 - Yaghlaqar clan of Türks, unknown ruler None
257892 #257892 - Yaghlaqar clan of Türks, unknown ruler None
368440 #368440 - Yaghlaqar clan of Türks, unknown ruler None
336587 #336587 - AE cash, Semirech'e None
377305 #377305 - Kyrgyzstan AE cash None
375693 #375693 - Unknown cash coin or charm, Kyrgyzstan None
306552 #306552 - Semirech'e bronze coin or charm? None
326586 #326586 - Semirech'e imitation of Kaiyuan with interesting hole None
326685 #326685 - Semirech'e Kaiyuan Tongbao, Rev. Top Crescent None
326453 #326453 - Two Lead Imitations of Kaiyuan Tongbao None
321966 #321966 - 開元通寳 kai-yuan tong-bao None
329094 #329094 - 開元通寳 kai-yuan tong-bao None
4658 #4658 - Central Asia, bronze local imitation of the Chinese Kai-yuan tong-bao None
4659 #4659 - Central Asia, bronze local imitation of the Chinese Kai-yuan tong-bao None
115616 #115616 - Imitation of Tang Dynasty Kai Yuan Tong Bao coin None
300270 #300270 - Kai Yuan None
281712 #281712 - Kai Yuan Tong Bao None
281714 #281714 - Kai Yuan Tong Bao None
281715 #281715 - Kai Yuan Tong Bao None
281716 #281716 - Kai Yuan Tong Bao None
313383 #313383 - Kai Yuan Tong Bao None
36770 #36770 - Kai Yuan Tong Bao, local imitation None
215808 #215808 - Kai-yuan tong-bao, rev. Crescent above, Semirech'e local cast None
219540 #219540 - Kai-yuan tong-bao, Semirech'e imitation, rev. shifted mold None
215809 #215809 - Kai-yuan tong-bao, Semirech'e local cast None
124644 #124644 - Local Imitation of Tang Dynasty Kai Yuan Tong Bao coin None
124645 #124645 - Local Imitation of Tang Dynasty Kai Yuan Tong Bao coin None
193025 #193025 - Local Imitation of Tang Dynasty Kai Yuan Tong Bao coin None
215816 #215816 - Semirech'e AE imitation of KYTB. None
215281 #215281 - Semirech'e, AE imitation of KYTB. None
215282 #215282 - Semirech'e, AE imitation of KYTB. None
381434 #381434 - Semirech'e, Heavy Kaiyuan Tongbao, Imitation, 7.91g None
357036 #357036 - Semirech'e, Imitation Kai Yuan Tong Bao, 七河開元通寶 None
383161 #383161 - Semirech'e, Kaiyuan Tongbao, Local Imitation, AE Cash None
383162 #383162 - Semirech'e, Kaiyuan Tongbao, Local Imitation, AE Cash None
292694 #292694 - Semirechie, AE Cash, imitation of Kai Yuan Tong Bao 開元通寶 None
304383 #304383 - Semirechie, AE Cash, imitation of Kai Yuan Tong Bao 開元通寶 None
211940 #211940 - Semirechie, AE Cash, imitation? KYTB. None
211938 #211938 - Semirechie, AE Local imitation. None
309246 #309246 - Semirechie, bronze cash, imitation of Kai Yuan Tong Bao None
379288 #379288 - Semirechie, bronze cash, imitation of Kai Yuan Tong Bao None
321957 #321957 - 開元通寳 kai-yuan tong-bao None
108496 #108496 - Imitation of Kai-yuan Tong-bao with double obverse None
108497 #108497 - Imitation of Kai-yuan Tong-bao with double obverse None
94905 #94905 - Imitation of type "Kaiyuan tongbao". None
146050 #146050 - Imitations of Chinese cash, Kai Yuan Tong Bao, double reverse None
146054 #146054 - Imitations of Chinese cash, Kai Yuan Tong Bao, double reverse None
146055 #146055 - Imitations of Chinese cash, Kai Yuan Tong Bao, double reverse None
267129 #267129 - Kai Yuan Tong Bao / Kai Yuan Tong Bao None
267130 #267130 - Kai Yuan Tong Bao / Kai Yuan Tong Bao None
36769 #36769 - Kai Yuan Tong Bao, local imitation None
216531 #216531 - Semirech'e imitation of KYTB. None
236871 #236871 - Semirech'e, AE imitation of Kaiyuan tongbao 開元通寶, round hole, double obverse None
215280 #215280 - Semirech'e, AE imitation of KYTB. None
381433 #381433 - Semirech'e, Double Kaiyuan Tongbao, Imitation, 10.12g None
381431 #381431 - Semirech'e, Double Kaiyuan Tongbao, Imitation, 10.13g None
381432 #381432 - Semirech'e, Double Kaiyuan Tongbao, Imitation, 10.69g None
383160 #383160 - Semirech'e, Double Kaiyuan Tongbao, Imitation, 7.18g None
381450 #381450 - Semirech'e, Double Kaiyuan Tongbao, Imitation, 7.7g None
383159 #383159 - Semirech'e, Double Kaiyuan Tongbao, Imitation, 9.17g None
381451 #381451 - Semirech'e, Double Kaiyuan Tongbao, Imitation, 9g None
383156 #383156 - Semirech'e, Double Reverse KYTB, AE, Imitation None
293518 #293518 - Semirechie, AE cash, Kai Yuan imitation. None
322574 #322574 - Semirechie, AE Local Kai Yuan Tong Bao KYTB imitation. Stolen None
322575 #322575 - Semirechie, AE Local Kai Yuan Tong Bao KYTB imitation. Stolen. Stolen None
309651 #309651 - Semirechie, bronze cash, imitation of Kai Yuan Tong Bao, double, inverted rev. None
184840 #184840 - Kai-yuan tong-bao, rev. 昌 chang, local production None
344843 #344843 - Soghdian imitation of KYTB Kai Yuan Tong Bao with unknown tamgha at the reverse None
321956 #321956 - 開元通寳 kai-yuan tong-bao, local recast None
182845 #182845 - Imitation of Chinese cash Qian Yuan Zhong Bao None
215472 #215472 - Imitation of Chinese cash Qian Yuan Zhong Bao. None
335451 #335451 - Imitation of Chinese cash, Qian Yuan Zhong Bao, small size None
335452 #335452 - Imitation of Chinese cash, Qian Yuan Zhong Bao, small size None
146052 #146052 - Imitations of Chinese cash, Qian Yuan Zhong Bao None
293374 #293374 - Imitations of Chinese cash, Qian Yuan Zhong Bao, full size None
350959 #350959 - Qian Yuan zhong bao None
156733 #156733 - Qian Yuan zhong bao, small size None
156734 #156734 - Qian Yuan zhong bao, small size None
214532 #214532 - Qian Yuan zhong bao, small size AE None
123656 #123656 - Qian-yuan zhong-bao None
218271 #218271 - Semirech'e Imitation of Chinese cash Qian Yuan Zhong Bao. None
217386 #217386 - Semirech'e, Imitation of Chinese cash Qian Yuan Zhong Bao. None
696 #696 - China, Tang, Da-li yuan-bao None
697 #697 - China, Tang, Da-li yuan-bao, rosette hole None
281992 #281992 - Da Li Yuan Bao None
282023 #282023 - Da Li Yuan Bao None
282869 #282869 - Da Li Yuan Bao None
343690 #343690 - Da Li Yuan Bao None
343717 #343717 - Da Li Yuan Bao None
223061 #223061 - Da Li Yuan Bao from Kyrgyzstan None
232134 #232134 - Da Li Yuan Bao from Kyrgyzstan None
134419 #134419 - Da Li Yuan Bao from Kyrgyzstan, m/a None
226081 #226081 - Da Li Yuan Bao from Kyrgyzstan, m/a None
3403 #3403 - Da-li yuan-bao None
217214 #217214 - Da-li yuan-bao, local cast None
217215 #217215 - Da-li yuan-bao, local cast None
217216 #217216 - Da-li yuan-bao, local cast None
228724 #228724 - Da-li yuan-bao, local cast None
232909 #232909 - Da-li yuan-bao, local cast, forgery for circulation(?) None
115509 #115509 - Imitation of Tang Dynasty Da-li Yuan Bao coin None
284607 #284607 - Semirech`e, Imitation of Tang Dyn. Da Li Yuan Bao None
224991 #224991 - Semirech'e imitation 大曆元寶 da-li yuan-bao. None
202616 #202616 - Western Liao, zhou yuan tong bao None
259208 #259208 - Western Liao, zhou yuan tong bao. Rev. large dot None
325716 #325716 - Western Liao, zhou yuan tong bao. Rev. large dot None
280404 #280404 - Western Liao, zhou yuan tong bao. Rev. large dot and Türgesh tamgha (?) None
172879 could not convert string to float: '25.0.'
172880 could not convert string to float: '26.0.'
279795 #279795 - Western Liao, zhou yuan tong bao None
258095 #258095 - Western Liao, zhou yuan tong bao. Rev. large dot None
279335 #279335 - Western Liao, zhou yuan tong bao. Rev. large dot None
307690 #307690 - Western Liao, zhou yuan tong bao. Rev. large dot None
312215 #312215 - Western Liao, zhou yuan tong bao. Rev. large dot None
317023 #317023 - Western Liao, zhou yuan tong bao. Rev. large dot None
318167 #318167 - Western Liao, zhou yuan tong bao. Rev. large dot None
321437 #321437 - Western Liao, zhou yuan tong bao. Rev. large dot None
323987 #323987 - Western Liao, zhou yuan tong bao. Rev. large dot None
325932 #325932 - Western Liao, zhou yuan tong bao. Rev. large dot None
330709 #330709 - Western Liao, zhou yuan tong bao. Rev. large dot None
344708 #344708 - Western Liao, zhou yuan tong bao. Rev. large dot None
363925 #363925 - Western Liao, zhou yuan tong bao. Rev. large dot None
364042 #364042 - Western Liao, zhou yuan tong bao. Rev. large dot None
364888 #364888 - Western Liao, zhou yuan tong bao. Rev. large dot None
368439 #368439 - Western Liao, zhou yuan tong bao. Rev. large dot None
356520 #356520 - Zhou Yuan tong bao, gilt None
345933 #345933 - Semirech'e imitation??? Zheng Long yuan bao, Unusual reverse. None
350958 #350958 - Zheng Long Yuan Bao, local imitation None
74336 #74336 - Imitation of cash coin None
104452 #104452 - Imitation of cash coin None
367609 #367609 - Imitation of cash coin None
131224 #131224 - Central Asia cash coin None
387406 #387406 - Imitation of Chinese cash, Kyrgyzstan None
357427 #357427 - Unknown cash coin. Kyrgyzstan None
360236 #360236 - Unknown cash coin. Uzbekistan None
60326 #60326 - Unknown Xinjiang or Central Asian cash coin. None
377679 #377679 - Aniepigraphic Turgesh cash (8th c. AD) with imprint of Samanid dirham (279-289 AH), found in Chach None
267132 #267132 - Central Asia Semirech'e None
267133 #267133 - Central Asia Semirech'e None
267134 #267134 - Central Asia Semirech'e None
267135 #267135 - Central Asia Semirech'e None
267136 #267136 - Central Asia Semirech'e None
267138 #267138 - Central Asia Semirech'e None
313382 #313382 - Central Asia, Anepigraphic AE Local imitation None
9781 #9781 - Central Asia, bronze spindle whorls or local imitation (Semirechie) coins None
128831 #128831 - Local imitation of Kai Yuan Tong Bao None
261701 #261701 - Semirech'e AE local imitation. None
329021 #329021 - Semirech'e Anepigraphic cash, Carved edge, Charm? None
326638 #326638 - Semirech'e Anepigraphic imitation, preserved original casting state None
77498 #77498 - Semirech'e local imitation of Kai Yuan Tong Bao. None
243065 #243065 - Semirech'e, Anepigraphic AE Local imitation None
243066 #243066 - Semirech'e, Anepigraphic AE Local imitation None
243067 #243067 - Semirech'e, Anepigraphic AE Local imitation None
288739 #288739 - Semirech'e, Anepigraphic AE Local imitation None
294274 #294274 - Semirech'e, Anepigraphic AE Local imitation None
383151 #383151 - Semirech'e, Anepigraphic Imitation, AE Cash, 11 Dots None
383312 #383312 - Semirech'e, Anepigraphic Imitation, AE Cash, 11 Dots None
383313 #383313 - Semirech'e, Anepigraphic Imitation, AE Cash, 11 Dots None
383319 #383319 - Semirech'e, Anepigraphic Imitation, AE Cash, 11 Dots None
383695 #383695 - Semirech'e, Anepigraphic Imitation, AE Cash, 11 Dots, Holed None
383150 #383150 - Semirech'e, Anepigraphic Imitation, AE Cash, 13 Dots None
383153 #383153 - Semirech'e, Anepigraphic Imitation, AE Cash, 13 Dots None
383157 #383157 - Semirech'e, Anepigraphic Imitation, AE Cash, 4 Arms None
383309 #383309 - Semirech'e, Anepigraphic Imitation, AE Cash, 4 Arms None
383310 #383310 - Semirech'e, Anepigraphic Imitation, AE Cash, 4 Arms None
383311 #383311 - Semirech'e, Anepigraphic Imitation, AE Cash, 4 Arms None
383314 #383314 - Semirech'e, Anepigraphic Imitation, AE Cash, 4 Arms None
383315 #383315 - Semirech'e, Anepigraphic Imitation, AE Cash, 4 Arms None
383321 #383321 - Semirech'e, Anepigraphic Imitation, AE Cash, 4 Arms None
383322 #383322 - Semirech'e, Anepigraphic Imitation, AE Cash, 4 Arms None
383323 #383323 - Semirech'e, Anepigraphic Imitation, AE Cash, 4 Arms None
383324 #383324 - Semirech'e, Anepigraphic Imitation, AE Cash, 4 Arms None
218270 #218270 - Semirechie, AE Local imitation. None
40239 #40239 - Semirechie, AE unit None
128838 #128838 - Semirechie, AE unit None
327353 #327353 - None
962 #962 - China, Western Liao, Malik Aram Yinal Qaraj مالك ارام ىىنال قرج None
963 #963 - China, Western Liao, Malik Aram Yinal Qaraj مالك ارام ىىنال قرج None
971 #971 - China, Western Liao, Malik Aram Yinal Qaraj مالك ارام ىىنال قرج None
1098 #1098 - China, Western Liao, Malik Aram Yinal Qaraj مالك ارام ىىنال قرج None
1099 #1099 - China, Western Liao, Malik Aram Yinal Qaraj مالك ارام ىىنال قرج None
5197 #5197 - China, Western Liao, Malik Aram Yinal Qaraj مالك ارام ىىنال قرج None
11243 #11243 - China, Western Liao, Malik Aram Yinal Qaraj مالك ارام ىىنال قرج None
15147 #15147 - China, Western Liao, Malik Aram Yinal Qaraj مالك ارام ىىنال قرج None
16172 #16172 - China, Western Liao, Malik Aram Yinal Qaraj مالك ارام ىىنال قرج None
21303 #21303 - China, Western Liao, Malik Aram Yinal Qaraj مالك ارام ىىنال قرج None
22425 #22425 - China, Western Liao, Malik Aram Yinal Qaraj مالك ارام ىىنال قرج None
22478 #22478 - China, Western Liao, Malik Aram Yinal Qaraj مالك ارام ىىنال قرج None
29392 #29392 - China, Western Liao, Malik Aram Yinal Qaraj مالك ارام ىىنال قرج None
41878 #41878 - China, Western Liao, Malik Aram Yinal Qaraj مالك ارام ىىنال قرج None
42094 #42094 - China, Western Liao, Malik Aram Yinal Qaraj مالك ارام ىىنال قرج None
46730 #46730 - China, Western Liao, Malik Aram Yinal Qaraj مالك ارام ىىنال قرج None
48456 #48456 - China, Western Liao, Malik Aram Yinal Qaraj مالك ارام ىىنال قرج None
77470 #77470 - China, Western Liao, Malik Aram Yinal Qaraj مالك ارام ىىنال قرج None
121151 #121151 - China, Western Liao, Malik Aram Yinal Qaraj مالك ارام ىىنال قرج None
121576 #121576 - China, Western Liao, Malik Aram Yinal Qaraj مالك ارام ىىنال قرج None
121669 #121669 - China, Western Liao, Malik Aram Yinal Qaraj مالك ارام ىىنال قرج None
146048 #146048 - China, Western Liao, Malik Aram Yinal Qaraj مالك ارام ىىنال قرج None
154808 #154808 - China, Western Liao, Malik Aram Yinal Qaraj مالك ارام ىىنال قرج None
156700 #156700 - China, Western Liao, Malik Aram Yinal Qaraj مالك ارام ىىنال قرج None
156701 #156701 - China, Western Liao, Malik Aram Yinal Qaraj مالك ارام ىىنال قرج None
156702 #156702 - China, Western Liao, Malik Aram Yinal Qaraj مالك ارام ىىنال قرج None
163322 #163322 - China, Western Liao, Malik Aram Yinal Qaraj مالك ارام ىىنال قرج None
182601 #182601 - China, Western Liao, Malik Aram Yinal Qaraj مالك ارام ىىنال قرج None
228228 #228228 - China, Western Liao, Malik Aram Yinal Qaraj مالك ارام ىىنال قرج None
236091 #236091 - China, Western Liao, Malik Aram Yinal Qaraj مالك ارام ىىنال قرج None
236371 #236371 - China, Western Liao, Malik Aram Yinal Qaraj مالك ارام ىىنال قرج None
239331 #239331 - China, Western Liao, Malik Aram Yinal Qaraj مالك ارام ىىنال قرج None
256454 #256454 - China, Western Liao, Malik Aram Yinal Qaraj مالك ارام ىىنال قرج None
281281 #281281 - China, Western Liao, Malik Aram Yinal Qaraj مالك ارام ىىنال قرج None
286133 #286133 - China, Western Liao, Malik Aram Yinal Qaraj مالك ارام ىىنال قرج None
259414 #259414 - Kyrgyzstan. Issyk-Kul region. Suluk khagan. (no hook type) None
82181 #82181 - Semirech'e, City Suyab unknown ruler, tamgha (no hook type). None
6305 #6305 - Central Asia AE pre-Islamic coin None
6306 #6306 - Central Asia AE pre-Islamic coin None
6307 #6307 - Central Asia AE pre-Islamic coin None
6308 #6308 - Central Asia AE pre-Islamic coin None
10738 #10738 - Central Asia AE pre-Islamic coin None
82182 #82182 - Semirech'e City Suyab unknown ruler. Tamgha hook type. None
137714 #137714 - Semirech'e, City Suyab unknown ruler, tamgha None
175206 #175206 - Semirech'e, City Suyab unknown ruler, tamgha. None
259458 #259458 - Semirech'e, City Suyab unknown ruler, tamgha. Kyrgyzstan None
259423 #259423 - Semirech'e, City Suyab unknown ruler, tamgha. Kyrgyzstan None
171654 #171654 - Semirech'e. City Suyab. Suluk khagan None
314393 #314393 - Semirech'e. City Suyab. Suluk khagan. None
292717 #292717 - Semirechia, AE portrait coin, Ruler Suluk, tamgha with hook. None
300986 #300986 - Semirechia, AE portrait coin, Ruler Suluk, tamgha with hook. None
245252 #245252 - Semirechie City Suyab unknown ruler tamgha None
281910 #281910 - Semirechie City Suyab unknown ruler tamgha None
370226 #370226 - Suyab AE cash, Anonymous None
273502 #273502 - Suyab AE cash, Anonymous. None
7034 #7034 - Central Asia AE cash coin, two Turkic runas characters None
7866 #7866 - Central Asia AE cash coin, two Turkic runas characters None
180778 #180778 - Central Asia AE cash, Kyrgyzstan None
214936 #214936 - Central Asia AE cash, w. two Turkic runas None
274852 #274852 - Central Asia AE cash, w. two Turkic runas None
214379 #214379 - Central Asia AE cash, w. two Turkic runas, N. Afghanistan None
52829 #52829 - Enigmatic Semirech'e cash-like coin with Runic letters only. None
131939 #131939 - Turgesh AE cash, ruler of Keder None
172514 #172514 - Turgesh AE cash, ruler of Keder None
381523 #381523 - Turgesh AE cash, ruler of Keder None
379278 #379278 - Turgesh AE cash, ruler of Keder None
332013 #332013 - AE face/tamga “sipah” (“leader of the army”) None
283043 #283043 - AE, face / tamgha None
283040 #283040 - Shymkent region AE, face / tamgha None
287778 #287778 - Shymkent region AE, face / tamgha None
191958 #191958 - Soghd . Unpublished? None
281912 #281912 - Shymkent region None
335270 #335270 - Shymkent region, AE, horseman / tamgha, unknown ruler None
86940 #86940 - Ustrushana, AE, unknown ruler. None
179202 #179202 - Ustrushana? AE, horseman / tamgha. None
76210 #76210 - AE, Tutuks None
360564 #360564 - Anonymous tutuk None
346670 #346670 - Sayram AE, Tutuks Alp Kagan. None
5463 #5463 - Sogdiana AE coin, Tutuks None
187022 #187022 - Sogdiana, Turko-Sogdian coin, 7th - 8th cent. None
36668 #36668 - Tutuks None
51129 could not convert string to float: '15...16'
51735 #51735 - Tutuks None
289244 #289244 - tutuks alp kagan None
301430 #301430 - Tutuks Alp Kagan None
301602 #301602 - Tutuks Alp Kagan None
306496 #306496 - Tutuks Alp Kagan None
306497 #306497 - Tutuks Alp Kagan None
368011 #368011 - Tutuks Alp Kagan None
308328 #308328 - Tutuks Alp Kagan.Other type None
286006 #286006 - Tutuks in Ferghana None
368012 #368012 - Tutuks of Ferghana, bronze cash, Alp Kagan of Sayram None
77707 #77707 - Tutuks, AE None
305425 #305425 - Tutuks, AE None
256642 #256642 - Tutuks, AE. None
284238 #284238 - Tutuks, AE. None
284239 #284239 - Tutuks, AE. None
35430 #35430 - AR drachm, Peroz-imitation, bust left. None
386642 #386642 - Central Asia, Anonymous, Northern Tokharistan, Scyphate AE. None
353920 #353920 - Central Asia, N.Tokharistan, AE unit, portrait/tamga None
5651 #5651 - Hephtalit AR drachm ? None
339566 #339566 - Badakhshan AE cast fals, Cash style, kai yuan tong bao (Chinese) // muhammad rasul Allah darb badakhshan. None
368297 #368297 - Badakhshan cast AE fals, kai yuan tong bao / Arabic legend. None
209686 #209686 - Kai-yuan tong-bao 開元通寳 / Arabic legend, Badakhshan None
211016 #211016 - Kai-yuan tong-bao 開元通寳 / Arabic legend, Badakhshan None
233595 #233595 - Kai-yuan tong-bao 開元通寳 / Arabic legend, Badakhshan None
335691 #335691 - Kai-yuan tong-bao 開元通寳 / Arabic legend, Badakhshan None
355511 #355511 - AE Cast coin, Unknown type from Central Asia, Bactrian legend, Chaganiyan? None
188622 #188622 - Čagháníán AR drahm imitating sásánid None
43720 #43720 - Chaganian AR drachm None
123999 #123999 - Chaganian AR drachm None
53191 #53191 - Chaganian AR drachm, 3 countermarks None
53195 #53195 - Chaganian AR drachm, 3 countermarks None
53205 #53205 - Chaganian AR drachm, 3 countermarks None
53206 #53206 - Chaganian AR drachm, 3 countermarks None
53192 #53192 - Chaganian AR drachm, 4 countermarks None
53193 #53193 - Chaganian AR drachm, 5 countermarks None
53194 #53194 - Chaganian AR drachm, 5 countermarks None
53196 #53196 - Chaganian AR drachm, 5 countermarks None
43485 #43485 - Chaganian AR drachm, countermarked None
43497 #43497 - Chaganian AR drachm, countermarked None
23961 #23961 - Chaganian AR drachm, Kavad (or imitation?), AH=Hamadan None
48382 #48382 - Chaganian, Ar drachm, Khusru I-im. with cm:s. None
20970 #20970 - Chaganiyan None
20978 #20978 - Chaganiyan None
21343 #21343 - Chaganiyan None
21344 #21344 - Chaganiyan None
21345 #21345 - Chaganiyan None
21346 #21346 - Chaganiyan None
21347 #21347 - Chaganiyan None
21368 #21368 - Chaganiyan None
21369 #21369 - Chaganiyan None
21370 #21370 - Chaganiyan None
21376 #21376 - Chaganiyan None
21377 #21377 - Chaganiyan None
21379 #21379 - Chaganiyan None
53151 #53151 - Chaganiyan AR drachm, 3 countermarks None
53152 #53152 - Chaganiyan AR drachm, 4 countermarks None
104833 #104833 - Chaganiyan AR drachm, 5 countermarks None
278738 #278738 - Chaganiyan AR drachm, Hormizd IV (?), 3 cm's. Cm's - 7th C. AD(?) None
111124 #111124 - Chaganiyan AR drachm, Hormizd IV (YZ, yr.4), 4 cm's. Cm's - 7th C. AD(?) None
356233 #356233 - Chaganiyan AR drachm, Khusru I type with countermarks None
325249 #325249 - Chaganiyan AR drachm, Khusru I type with countermarks. None
342081 #342081 - Chaganiyan AR drachm, Khusru I type with countermarks. None
12937 #12937 - Chaganiyan, Kushro I-imitation. None
17023 #17023 - Chaghanian AR drachm, Hormazd IV, yr.8, countermarked None
216075 #216075 - Chaghanian AR drachm, Khusraw I type, countermarks. None
223143 #223143 - Chaghanian AR drachm, Sashro Xidev, countermarks. None
35178 #35178 - Chaghanian, AR drachm, three portrait c/m None
85829 #85829 - Khudats of Chaghaniyan, unknown ruler, countermarked None
83560 #83560 - Khudats of Chaghaniyan, unknown ruler, countermarked. None
234456 #234456 - Khusru I imitation, Chaganiyan principality in North Tokharestan. 5 c/m None
383987 #383987 - Khusru I, AR drachm, Chaganiyan contermarks None
275590 #275590 - North Tokharestan, Chaganiyan AR drachm, countermarks. None
20913 #20913 - North Tokharistan, AR drachm, Chaganiyan. None
28506 #28506 - North Tokharistan, AR drachm, Chaganiyan. None
199508 #199508 - Northern Tokharistan, Chaganiyan imitation of Khusro I, AR drachm None
199513 #199513 - Northern Tokharistan, Chaganiyan imitation of Khusro I, AR drachm None
199514 #199514 - Northern Tokharistan, Chaganiyan imitation of Khusro I, AR drachm None
199515 #199515 - Northern Tokharistan, Chaganiyan imitation of Khusro I, AR drachm None
199516 #199516 - Northern Tokharistan, Chaganiyan imitation of Khusro I, AR drachm None
199517 #199517 - Northern Tokharistan, Chaganiyan imitation of Khusro I, AR drachm None
9739 #9739 - Principality of Chaganiyan AR drachm, Khushru I imitation, 3 countermarks None
82765 #82765 - SOGDIANA: Chaghanian, Anonymous, late 7th C, AR drachm. None
31660 #31660 - Tokharistan, AR Drachm, Uncertain Turkic yabgju. None
347931 #347931 - North Tokharestan AE, facing portrait with "S"-tamgha each side. None
351050 #351050 - North Tokharistan, AE, Chaganiyan, Facing portrait with S-tamghas. None
141381 #141381 - North Tokharistan, AE, Chaganiyan. None
161783 #161783 - North Tokharistan, AE, Chaganiyan. None
183393 #183393 - Northern Tokharestan, AE, portrait with S-tamgha. None
256144 #256144 - Northern Tokharestan, AE, reverse: Nestorian cross (?) None
194340 #194340 - Northern Tokharestan, Chaganiyan, AE, portrait with S-tamgha. None
243683 #243683 - Northern Tokharistan ,Chaganiyan, AE with S-tamgha. None
236720 #236720 - Northern Tokharistan, Chaganiyan, AE, portrait with S-tamgha. None
183834 #183834 - Northern Tokharistan, Surkhandarya AE, unknown ruler. None
256143 #256143 - Northern Tokharestan, AE, portrait to the left, Bactrian inscription/S-tamgha. None
256141 #256141 - Northern Tokharestan, AE, portrait to the right, Bactrian inscription None
330141 #330141 - Central Asia AE unit, pair portrait / Chaganiyan tamgha None
254093 #254093 - Chaganiyan None
183392 #183392 - Chaganiyan, AE, Double portrait. None
386379 #386379 - Chaghanian, AE, pair portrait None
41317 #41317 - North Tokharistan - Chaganiyan, Unknown ruler None
41350 #41350 - North Tokharistan - Chaganiyan, Unknown ruler None
20214 #20214 - North Tokharistan - Chaganiyan, Unknown ruler. None
161866 #161866 - North Tokharistan - Chaganiyan,Double portrait None
165263 #165263 - North Tokharistan - Chaganiyan,Double portrait None
27992 #27992 - North Tokharistan, AE, Chaganiyan. None
203485 #203485 - Northern Tokharistan , Chaganiyan, AE, Double portrait. None
274386 #274386 - Northern Tokharistan , Chaganiyan, AE, Double portrait. None
274387 #274387 - Northern Tokharistan , Chaganiyan, AE, Double portrait. None
284844 #284844 - Northern Tokharistan , Chaganiyan, AE, Double portrait. None
194336 #194336 - Northern Tokharistan, AE, Pair portrait, None
348960 #348960 - Northern Tokharistan, Chaghanian, AE, pair portrait. None
296160 #296160 - Billon Drachm, Peroz type, countermarks. None
165408 #165408 - Billon drachm, Peroz-im, with cm:s. None
327367 #327367 - Central Asia AE bracteate, w. tamgha of Kobadien type None
111163 #111163 - Hephthalite Kobadien Principality. Peroz-imitation billon drachm with 3 c/m None
140886 #140886 - Hephthalites: Anonymous (ca. 550-600) BI Drachm (Göbl-289A) None
304127 #304127 - Kobadien AE drachm, Peroz type, countermarks. None
304128 #304128 - Kobadien AE drachm, Peroz type, countermarks. None
36078 #36078 - Kobadien AR drachm, countermarked None
42060 #42060 - Kobadien AR drachm, countermarked None
46036 #46036 - Kobadien AR drachm, countermarked None
329853 #329853 - Kobadien BI drachm, Peroz type with cm.s. None
329854 #329854 - Kobadien BI drachm, Peroz type with cm.s. None
208295 #208295 - Kobadien, AE drachm, Peroz-imitation, c/m None
271966 #271966 - Kobadien, BI drachm, Peroz-imitation, c/m None
138325 #138325 - Kobadien, billon dr, Peroz-im with "ja'iz" and five other cm:s. None
138255 #138255 - Kobadien, billon dr, Peroz-im with five cm:s. None
138258 #138258 - Kobadien, billon dr, Peroz-im with five cm:s. None
138259 #138259 - Kobadien, billon dr, Peroz-im with five cm:s. None
138253 #138253 - Kobadien, billon dr, Peroz-im with five/six cm:s. None
138254 #138254 - Kobadien, billon dr, Peroz-im with five/six cm:s. None
133290 #133290 - Kobadien, billon drachm, Peroz-im with 5 cm:s. None
104916 #104916 - Kobadien/North Tokharestan. Peroz-imitation with three cm:s. None
74705 #74705 - North Tokharestan, billon drachm, Peroz-im with 3 countermarks. None
6850 #6850 - Northern Tokharistan AR drachm, Kobadien, 2 tamghas, 1 countermark None
6128 #6128 - Northern Tokharistan AR drachm, Kobadien, 2 tamghas, 2 countermarks None
7054 #7054 - Northern Tokharistan AR drachm, Kobadien, 2 tamghas, 2 countermarks None
71482 #71482 - Northern Tokharistan AR drachm, Kobadien, 2 tamghas, 3 c/m:s. None
6240 #6240 - Northern Tokharistan AR drachm, Kobadien, 2 tamghas, 3 countermarks None
7055 #7055 - Northern Tokharistan AR drachm, Kobadien, 2 tamghas, 3 countermarks None
140325 #140325 - Northern Tokharistan AR drachm, Kobadien, 2 tamghas, 3 countermarks None
272972 #272972 - Northern Tokharistan, AR drachm, Kobadien, 2 tamghas, 2 countermarks None
27984 #27984 - Northern Tokharistan, Bi drachm, Peroz-imitation. None
246781 #246781 - Northern Tokharistan, billon drachm, Peroz-imitation, countermarks. None
78176 #78176 - Northern Tokharistan, Cobadien, countermarked None
75453 #75453 - Northern Tokharistan, Kobadien, 2 countermarks None
21371 #21371 - Northern Tokharistan, Kobadien, 3 c/m None
271365 #271365 - AE Pre-Islamic Coin from Tirmidh None
377169 #377169 - Central Asia AE unit, Termez, bust w. anchor tamgha/anchor tamgha None
354039 #354039 - Central Asia AE unit, Termez, bust/anchor type tamgha None
57521 #57521 - New type of Tirmidh (?) cash-like AE coin. None
342150 #342150 - Termez AE, facing bust/ anchor type tamgha. None
299289 #299289 - Termez AE, Unknown ruler. None
41355 #41355 - Tirmidh AE coin, 'anchor' type, anepigraphic None
117760 #117760 - Unlisted type of Tirmidh coin None
191681 #191681 - AE unit with runic letter 'R' None
42417 #42417 - Unknown. Probably Northern Tokharistan. None
256354 #256354 - North Tokharistan, Vakhsh. Peroz-imitative AR drachm, 4 cm:s. None
31067 #31067 - Type 290, AR drachm, Peroz-im, three cm:s None
112172 #112172 - Type 290, AR drachm, Peroz-imitation, three cm:s None
137102 #137102 - Type 290, Hephtalite. North Tokharistan, Vakhsh. Peroz-imitative Ar drachm. 2 cm. 6 c None
133845 #133845 - Type 290, Hephtalite/Tokharistan, AR drachm, Peroz type, countermark. None
118591 #118591 - Type 290, North Tokharistan, Vakhsh, Peroz-imitation Em 290, three cm:s None
118615 #118615 - Type 290, North Tokharistan, Vakhsh, Peroz-imitation Em 290, three cm:s. None
153548 #153548 - Type 290, North Tokharistan, Vakhsh. Peroz-imitative AR drachm, 3 cm:s. None
109019 #109019 - Type 290, Tokharestan AR drachm, Peroz-im with Tokharian cm:s. None
21595 #21595 - Type 290, Vakhsh valley, AR drachm, Peroz-imitation. None
154200 #154200 - Type 290, Vakhsh valley, AR reduced drachm, Peroz-im, countermarks. None
63625 #63625 - Type 290, Vakhsh, AR drachm, Peroz-imitation with "Tokharian" CM. None
164297 #164297 - Type 290, Vakhsh. AR drachm, Peroz-imitative, countermarks. None
319192 #319192 - Type 290, Vakhshs valley, AR drachm, Peroz type. None
266955 #266955 - Vakhsh AR drachm, Peroz-imitation, countermarks. None
266956 #266956 - Vakhsh AR drachm, Peroz-imitation, countermarks. None
20215 #20215 - North Tokharistan, Vakhsh-valley? None
301776 #301776 - Northern Tokharistan, Vakhsh valley coin None
367616 #367616 - Northern Tokharistan, Vakhsh valley coin None
69376 #69376 - Northern Tokharistan, Vakhsh valley coin. None
172516 #172516 - Northern Tokharistan, Vakhsh valley coin. None
190238 #190238 - Northern Tokharistan, Vakhsh valley coin. None
211559 #211559 - Unknown AE Chinese Type with Tamgha. Attributed to Vakhsh valley in North Tokharestan. None
27691 #27691 - Unknown. Probably Northern Tokharistan. None
379979 #379979 - North Tokharestan AE, Sogdian legend/crosses and tamghas None
333006 #333006 - North Tokharestan AE, Sogdian legend/crosses and tamghas. None
108670 #108670 - North Tokharestan, AE cash None
257641 #257641 - North Tokharestan, AE cash None
197311 #197311 - North Tokharestan, AE, crosses and tamghas. None
212045 #212045 - Northern Tokharistan, AE unit, crosses and tamghas None
215018 #215018 - Northern Tokharistan, AE unit, crosses and tamghas None
264530 #264530 - Northern Tokharistan, AE unit, crosses and tamghas None
313380 #313380 - North Tokharistan,cash. None
167595 #167595 - Northern Tokharistan , Vakhsh valley None
153027 #153027 - Vakhsh area, Tajikistan None
254094 #254094 - AE coin, Bactrian legend None
272177 #272177 - Northern Tokharistan, AE unit, w. Bactrian legend None
380407 #380407 - Northern Tokharistan, Vakhsh valley coin. Bactrian Inscription None
182879 #182879 - Northern Tokharistan, Vakhsh valley coin.Bactrian Inscription None
327836 #327836 - Vakhsh valley AE, Bactrian script // tamgha None
327837 #327837 - Vakhsh valley AE, Bactrian script // tamgha. None
327862 #327862 - Vakhsh valley AE, round hole with Bactrian legend. None
377469 #377469 - WAKHSH VALLEY: AE cash, Anonymous. None
60330 #60330 - North Tokharistan. New type of Soghdian cash-like coin w. unknown tamgha None
76189 #76189 - Probably Vakhsh area, Tajikistan None
47654 #47654 - 2 cm: sogdian legends, LYW, Peroz AR Drachm. None
327073 #327073 - AR Drachm Peroz with 3 C Marks None
83366 #83366 - AR drachm, Peroz-(imitation) None
173012 #173012 - AR drachm, Peroz, 4 countermarks. None
69487 #69487 - AR drachm, Peroz, two sogdian cm:s. None
151335 #151335 - AR drachm, Peroz, with sogdian c/ms. None
300692 #300692 - AR drachm, Peroz, with three sogdian countermarks. None
61910 #61910 - AR drachm, Peroz, with two soghdian cm:s. None
350957 #350957 - AW AR drachm, Peroz 3rd crown, Bactrian countermark. None
55630 #55630 - AY, Sasanian AR drachm, Peroz, countermarked None
94567 #94567 - Bactrian countermark on Peroz drachm None
21378 #21378 - Chaganiyan None
216065 #216065 - Chaghanian, AR drachm, Peroz, cm "Khono" and tamgha. None
146649 #146649 - DA, Sasanian AR drachm, Peroz, countermarked x 3 None
28383 #28383 - Hephthalites countermarked AR Drachm, Peroz 2nd reign KL mint. None
203267 #203267 - HEPHTHALITES. AR Drachm, Peroz or imitation, countermarks. None
55586 #55586 - KA, Sasanian AR drachm, Peroz, countermarked None
53207 #53207 - KL AR drachm, Peroz (clipped?), 2 countermarks. None
310546 #310546 - LD, Peroz I AR Drachm with countermark None
259813 #259813 - LY? AR drachm, Peroz, 2nd crown, two cm:s. None
76984 #76984 - N Tokharestan, AR reduced drachm, Peroz, cm. None
208970 #208970 - North Tokharestan AR drachm, Peroz, countermarks. None
86936 #86936 - North Tokharestan, AR drachm, Peroz, four cm:s. None
86935 #86935 - North Tokharestan, AR drachm, Peroz, three cm:s. None
86934 #86934 - North Tokharestan, AR drachm, Peroz, türgesh tamgha. None
199529 #199529 - North Tokharestan, AR drachm, Peroz, w. Bactrian & Pahlavi c/m None
86937 #86937 - North Tokharestan, AR drachm, Peroz, with two cm:s. None
188919 #188919 - North Tokharestan, clipped AR drachm, Peroz, w. tamgha & Bactrian c/m None
28789 #28789 - North Tokharistan, AR drachm, Peroz or imitation with countermarks. None
125612 #125612 - North Tokharistan, AR drachm, Peroz, 2 cm: Göbl 79. None
125489 #125489 - North Tokharistan, AR drachm, Peroz, cm 79 and 82. None
125490 #125490 - North Tokharistan, AR drachm, Peroz, cm: 79, "dscy bgy". None
330994 #330994 - Northern Tokharistan AR drachm, Peroz w. c/ms None
28370 #28370 - Northern Tokharistan AR drachm, Peroz-im. with sogdian cm. None
216230 #216230 - Northern Tokharistan AR drachm, Peroz, countermarks. None
339698 #339698 - Northern Tokharistan AR drachm, Peroz, countermarks. None
341177 #341177 - Hunnic Tribes, Local uncertain Issues from North Takharistan. (Circa 6th-7th centuries AD). AE Unit. None
341180 #341180 - Local uncertain issues from North Tokharistan. (Circa 6th-7th centuries AD). AE Unit. None
364064 #364064 - Local uncertain Issues from North Tokharistan. (Circa 6th-7th centuries AD). AE Unit. None
310516 #310516 - North Tokarestan AE, unknown ruler. None
238854 #238854 - North Tokharestan AE, portrait right/tamgha. None
48390 #48390 - North Tokharestan principality, AE. None
166591 #166591 - North Tokharestan, AE , portrait and tamgha. None
77536 #77536 - North Tokharestan, AE with portrait and tamgha. None
197853 #197853 - North Tokharestan, AE with portrait and tamgha. None
221945 #221945 - North Tokharestan, Kabarna type tamgha AE unit, Roman-style bust right None
298411 #298411 - North Tokharistan AE Unit c 600/700 AD None
209760 #209760 - North Tokharistan AE unit, portrait right/tamgha None
232802 #232802 - North Tokharistan AE unit, portrait right/tamgha None
258889 #258889 - North Tokharistan AE unit, portrait right/tamgha None
263588 #263588 - North Tokharistan AE unit, portrait right/tamgha None
260391 #260391 - Northern Tokharistan, AE portrait/tamgha. None
328225 #328225 - Northern Tokharistan, AE unit, portrait right/tamgha None
366091 #366091 - Northern Tokharistan, AE unit, portrait right/tamgha None
25362 #25362 - Northern Tokharistan. Unknown ruler. 7-8 AD None
45815 #45815 - Soghdiana, Northern Tokharistan AE coin None
365313 #365313 - Local uncertain issues from North Tokharistan. (Circa 6th-7th centuries AD). AE Unit. None
210855 #210855 - Northern Tokharistan, AE unit, portrait left/tamgha None
327755 #327755 - Northern Tokharistan, AE unit, portrait left/tamgha None
338662 #338662 - Northern Tokharistan, AE unit, portrait left/tamgha None
379119 #379119 - Central Asia, Northern Tokharistan, AE unit, bust/fire altar None
330137 #330137 - Central Asia, Northern Tokharistan, AE unit, uncertain None
335083 #335083 - Central Asia, Northern Tokharistan, AE unit, uncertain None
339250 #339250 - Central Asia, Northern Tokharistan, AE unit, uncertain None
379125 #379125 - Central Asia, Northern Tokharistan, AE unit, uncertain None
352013 #352013 - Central Asia, Northern Tokharistan, AE unit, portrait/tamgha None
329085 #329085 - Central Asia, Northern Tokharistan, AE unit, uncertain None
330667 #330667 - Central Asia, Northern Tokharistan, AE unit, uncertain None
350507 #350507 - Central Asia, Northern Tokharistan, AE unit, uncertain None
352541 #352541 - Central Asia, Northern Tokharistan, AE unit, uncertain None
364072 #364072 - Local uncertain issues from North Tokharistan. (Circa 5th-8th centuries AD). AE Unit. None
195074 #195074 - Central Asia, South Soghd? Naksheb? 7-8th cent. None
342082 #342082 - North Tokharestan AE, Portrait ¾ right / Pegasus. None
210132 #210132 - Northern Tokharistan / principality of Nakhsheb, AE cast unit, unknown ruler None
281122 #281122 - Northern Tokharistan, AE unit, 7th-8th cent. None
199474 #199474 - Northern Tokharistan, AE unit, Nakhseb, 7th-8th cent. None
78145 #78145 - Northern Tokharistan, AE unit, unknown ruler None
76361 #76361 - South Sogd, AE, unknown mint None
87522 #87522 - South Sogd, AE, unknown mint None
26886 #26886 - South Sogd, AE, unknown mint. None
3385 #3385 - South Sogdiana None
89460 #89460 - South Soghd, AE, unknown ruler. None
16168 #16168 - Southern Sogdiana, Nakhseb, 7th-8th cent. None
197049 #197049 - Tokharestan?, AE, unknown ruler. None
208626 #208626 - Central Asia, Northern Tokharistan, AE cast unit, uncertain None
209708 #209708 - Central Asia, Northern Tokharistan, AE cast unit, uncertain None
263887 #263887 - Central Asia, Northern Tokharistan, AE cast unit, uncertain None
291088 #291088 - Central Asia, Northern Tokharistan, AE cast unit, uncertain None
299182 #299182 - Central Asia, Northern Tokharistan, AE cast unit, uncertain None
366733 #366733 - Central Asia. Silk Road Region, North Tokharistan, Local issue. (Circa 7th centuries AD). AE Unit. None
41351 #41351 - North Tokharistan - Chaganiyan, Unknown ruler None
232110 #232110 - North Tokharistan AE, facing portrait/Fire altar with attendants. None
20217 #20217 - North Tokharistan?, unknown AE. None
215477 #215477 - AE, Xia Jia Dian culture. None
373649 #373649 - Ancient Mongolia? Brass Garmet Fitting, Mushroom decorations? None
289141 #289141 - Inscription of Hüis Tolgoi from Mongolia, Stone, Earliest mongolian inscription written brahmi script. AD579-AD603/604 None
11005 #11005 - Mongolia, pseudo-money None
179070 #179070 - Mongolia, pseudo-money None
229408 #229408 - Ordos bronze "Leaf Money" None
213820 #213820 - Ordos Culture large bronze feline harness fitting None
271973 #271973 - Ordos, AE decoration. None
203128 #203128 - XIONGNU (Great Huns) AE Double Ring object, 209 BC - 216 AD None
203148 #203148 - XIONGNU (Great Huns) AE Double Ring object, 209 BC - 216 AD None
373566 #373566 - XIONGNU (Great Huns) AE Double Ring object, 209 BC - 216 AD None
203305 #203305 - XIONGNU (Great Huns) AE Multiple Rings object, 209 BC - 216 AD None
203149 #203149 - XIONGNU (Great Huns) AE Plaque/Applique, 209 BC - 216 AD None
373562 #373562 - XIONGNU (Great Huns) fraction of AE Double Ring object, 209 BC - 216 AD None
373563 #373563 - XIONGNU (Great Huns) fraction of AE Double Ring object, 209 BC - 216 AD None
373564 #373564 - XIONGNU (Great Huns) left side fraction of AE Double Ring object, 209 BC - 216 AD None
373565 #373565 - XIONGNU (Great Huns) left side fraction of AE Double Ring object, 209 BC - 216 AD None
226521 #226521 - Xiongnu (Hunnu, Huns) period bronze seal. (Unread) None
377740 #377740 - Xiongnu, AE ring money fraction, 3rd c. BC-3rd c. AD None
377741 #377741 - Xiongnu, AE ring money fraction, 3rd c. BC-3rd c. AD None
327207 #327207 - local recasting of the Jin zheng-long yuan-bao None
298110 #298110 - Kai-yuan tong-bao, local imitation None
162024 #162024 - Kai-yuan Tong-bao, strange calligraphic variety, unlisted None
162023 #162023 - Kai-yuan Tong-bao, strange calligraphic variety, unlisted None
284325 #284325 - Kai Yuan Tong Bao or Zhou Yuan Tong Bao None
290004 #290004 - China Da Ding tong bao None
291031 #291031 - Da Ding Tong Bao, imitation None
291032 #291032 - Da Ding Tong Bao, imitation None
123296 #123296 - Da-ding tong-bao None
288855 #288855 - Da-ding tong-bao None
290503 #290503 - Da-ding tong-bao None
214937 #214937 - Xi Ning Yuan Bao, local imitation None
90684 #90684 - AE coin None
247741 #247741 - Chach, Unknown Tamgha Type None
30959 #30959 - East Sogdiana.Unknown Ikhshid.7-8 cent.AD. Bronze None
112607 #112607 - Hepthalite ? Sogd ? None
103072 #103072 - Pre-Islamic Asia AE coin None
288740 #288740 - Uncertain Semirech'e or Central Asia cash None
375690 #375690 - AE cash, "Nwr-pry" None
135145 #135145 - AE cash, "Nwr-pry" None
135903 #135903 - AE cash, "Nwr-pry" None
219321 #219321 - Small AE from Chach oasis. None
106998 #106998 - Soghdian ? cash-like coin None
46408 #46408 - Unknown Ferghana cash coin. None
35765 #35765 - Unknown Sogdian cash None
164850 #164850 - AE fantasy! None
344431 #344431 - FAKE! Samarqand imitation of Kai Yuan Tong Bao 開元通寶 None
100603 #100603 - Kai Yuan Tong Bao, fake! None
260692 #260692 - Kai Yuan Tong Bao, fake! None
5890 #5890 - Kai Yuan Tong Bao, rev. unknown, fantasy None
42742 #42742 - Modern fantasy, AE fals with hand-engraved triskeles None
299194 #299194 - Pycwtt, Lord of Panch, fake None
299195 #299195 - Pycwtt, Lord of Panch, fake None
299196 #299196 - Pycwtt, Lord of Panch, fake None
370963 #370963 - Semirech'e Turgesh AE Modern Fantasy None
370965 #370965 - Semirech'e Turgesh AE Modern Fantasy None
326852 #326852 - Turgesh AE Cash, 1980s Chinese fakes None
29309 #29309 - Ustrushana, AE, Satachari, forgery ? None
53201 #53201 - Eastern Sogd. Amukyan,ruler of Panch. FORGERY! None
32127 #32127 - Paikend, AE, FAKE! None
14278 #14278 - S1585 Semirech'e Turgesh AE Cash, fake None
23102 #23102 - Semirech'e AE cash, Arslan Kul-Yirkin None
23106 #23106 - Semirech'e AE cash, Arslan Kul-Yirkin None
23103 #23103 - Semirech'e AE cash, Gurak None
23108 #23108 - Semirech'e AE cash, Gurak None
23100 #23100 - Semirech'e AE cash, Ikhshid Wartarmaq None
23099 #23099 - Semirech'e AE cash, Shishpir None
23104 #23104 - Semirech'e AE cash, Shishpir None
23101 #23101 - Semirech'e AE cash, Turgesh Khaganate None
23105 #23105 - Semirech'e AE cash, Turgesh Khaganate None
23109 #23109 - Semirech'e AE cash, Turgesh Khaganate None
23107 #23107 - Semirech'e AE cash, Yinal Tegin None
32130 #32130 - Semireché, AE, Hai-Inal-Anir. FAKE! None
32129 #32129 - Semireché, AE, Tukhuses, FAKE! None
32128 #32128 - Semireché, AE, Türgesh, FAKE! None
53202 #53202 - Sogd. Ferghana. 8 cent.AD. Bronze. FORGERY! None
35293 #35293 - Sogdiana, AE, unknown ruler. Fake! None
32308 #32308 - Turko-Sogdian coin, FAKE! None
MANIFEST /Users/gugu/Desktop/zeno-503-central-asia-mac-discovery-b97bc5d/research/zeno/manifest-503.json
Root #503 collector exit status: 0
Forced branches #2141 and #795 are present in the #503 tree snapshot.
